architecture,source_dataset,test_dataset,eval_type,seed,mae,mse,rmse,r2,n_samples,total_params,model_size_mb,avg_inference_ms_sample,framework
ARNIQA_SNR,Biofilms,Biofilms,in-domain,42,1.2040438669068472,2.5941554552686945,1.6106382136496993,0.8173780756263817,140,23512129,89.89471817016602,8.777267592293876,sota_iqa_baselines
ARNIQA_SNR,Biofilms,Biofilms,in-domain,123,1.3723629934447152,2.5070533518259235,1.5833677247645044,0.8235098414445798,140,23512129,89.89471817016602,7.886791229248047,sota_iqa_baselines
ARNIQA_SNR,Biofilms,Biofilms,in-domain,456,1.1432610188211714,1.8453654523847884,1.3584422889415613,0.8700909810926513,140,23512129,89.89471817016602,9.192499092647008,sota_iqa_baselines
ARNIQA_SNR,Biofilms,Biofilms,in-domain,789,1.0581603629248484,1.9599282749763285,1.3999743836857617,0.8620260507197051,140,23512129,89.89471817016602,8.770217214311872,sota_iqa_baselines
ARNIQA_SNR,Biofilms,Biofilms,in-domain,1024,1.0411792772156852,2.08997488416485,1.4456745429607765,0.8528711012813293,140,23512129,89.89471817016602,8.643749782017299,sota_iqa_baselines
ARNIQA_SNR,Biofilms,EPFL,cross-dataset,42,0.8592213066530899,1.0019339172200938,1.000966491557082,-1.960135390861776,2130,23512129,89.89471817016602,8.877201371349638,sota_iqa_baselines
ARNIQA_SNR,Biofilms,EPFL,cross-dataset,123,0.5402810347471998,0.4253070685702514,0.6521557088381972,-0.2565364681450557,2130,23512129,89.89471817016602,8.796466236383143,sota_iqa_baselines
ARNIQA_SNR,Biofilms,EPFL,cross-dataset,456,1.4065682348511028,2.98684009575146,1.728247695138477,-7.824385443313304,2130,23512129,89.89471817016602,8.728463437075906,sota_iqa_baselines
ARNIQA_SNR,Biofilms,EPFL,cross-dataset,789,0.5698619363453467,0.4898320324500114,0.6998800128950757,-0.4471704270238008,2130,23512129,89.89471817016602,8.766030033989132,sota_iqa_baselines
ARNIQA_SNR,Biofilms,EPFL,cross-dataset,1024,0.4866074826236062,0.3679103241777786,0.6065561179130737,-0.0869622761985386,2130,23512129,89.89471817016602,9.148600851426105,sota_iqa_baselines
ARNIQA_SNR,Biofilms,NFFA,cross-dataset,42,1.2515073194404958,2.5328779277763407,1.5915017837804455,0.7883617216709795,1930,23512129,89.89471817016602,8.924119707216253,sota_iqa_baselines
ARNIQA_SNR,Biofilms,NFFA,cross-dataset,123,1.6660129842362874,4.143319462935905,2.0355145450072087,0.6537989501638914,1930,23512129,89.89471817016602,8.393572278591018,sota_iqa_baselines
ARNIQA_SNR,Biofilms,NFFA,cross-dataset,456,2.815853306666557,13.791351910005291,3.713670947998125,-0.1523563540330643,1930,23512129,89.89471817016602,9.134110638514702,sota_iqa_baselines
ARNIQA_SNR,Biofilms,NFFA,cross-dataset,789,1.489736745888705,4.611851397198609,2.147522152900549,0.6146500868009506,1930,23512129,89.89471817016602,9.104258779417048,sota_iqa_baselines
ARNIQA_SNR,Biofilms,NFFA,cross-dataset,1024,0.9635390033376032,1.8560015719172995,1.3623514861875037,0.8449191044902113,1930,23512129,89.89471817016602,8.979770062500949,sota_iqa_baselines
ARNIQA_SNR,EPFL,Biofilms,cross-dataset,42,4.250006340231214,25.926009206326317,5.09175895013956,-0.8251248910204789,140,23512129,89.89471817016602,15.031346252986364,sota_iqa_baselines
ARNIQA_SNR,EPFL,Biofilms,cross-dataset,123,4.053143560886383,23.48669362512044,4.846307215305324,-0.6534032986657805,140,23512129,89.89471817016602,8.907718317849296,sota_iqa_baselines
ARNIQA_SNR,EPFL,Biofilms,cross-dataset,456,2.9609961356435504,13.22611701712579,3.636772885007502,0.0689151119480636,140,23512129,89.89471817016602,13.324100630623954,sota_iqa_baselines
ARNIQA_SNR,EPFL,Biofilms,cross-dataset,789,4.065820917061397,24.013547342443356,4.900361960349802,-0.6904924559579901,140,23512129,89.89471817016602,8.003377914428711,sota_iqa_baselines
ARNIQA_SNR,EPFL,Biofilms,cross-dataset,1024,4.319911614486149,26.561835711896297,5.153817586206976,-0.869885454532243,140,23512129,89.89471817016602,11.004980972834996,sota_iqa_baselines
ARNIQA_SNR,EPFL,EPFL,in-domain,42,0.6200598076475619,0.4612496636314229,0.6791536377222925,-0.3627260539564481,2130,23512129,89.89471817016602,13.801411619768457,sota_iqa_baselines
ARNIQA_SNR,EPFL,EPFL,in-domain,123,0.7514996273416868,0.7255775313671816,0.8518083888804933,-1.1436620644336446,2130,23512129,89.89471817016602,7.868594406915943,sota_iqa_baselines
ARNIQA_SNR,EPFL,EPFL,in-domain,456,0.6184763760633871,0.4699419143291524,0.6855230954017176,-0.3884066287671917,2130,23512129,89.89471817016602,10.93386920964774,sota_iqa_baselines
ARNIQA_SNR,EPFL,EPFL,in-domain,789,0.6808869630518094,0.5835475322452697,0.763902829059606,-0.724045541089138,2130,23512129,89.89471817016602,16.02752085582751,sota_iqa_baselines
ARNIQA_SNR,EPFL,EPFL,in-domain,1024,0.7513233990736411,0.7574338163460445,0.8703067369301725,-1.237778966722916,2130,23512129,89.89471817016602,8.067334985509165,sota_iqa_baselines
ARNIQA_SNR,EPFL,NFFA,cross-dataset,42,2.503520287997982,10.59571581797148,3.2551061147021736,0.1146596411980471,1930,23512129,89.89471817016602,15.007085503691837,sota_iqa_baselines
ARNIQA_SNR,EPFL,NFFA,cross-dataset,123,2.374949690838552,9.415573957203684,3.068480724593799,0.2132681011075912,1930,23512129,89.89471817016602,8.176512668787506,sota_iqa_baselines
ARNIQA_SNR,EPFL,NFFA,cross-dataset,456,1.9899641450822665,6.762964651412154,2.6005700627770354,0.4349107078834004,1930,23512129,89.89471817016602,13.123586634897816,sota_iqa_baselines
ARNIQA_SNR,EPFL,NFFA,cross-dataset,789,2.304045774899616,9.21378019198634,3.0354209250096336,0.23012927099651,1930,23512129,89.89471817016602,9.957570733184024,sota_iqa_baselines
ARNIQA_SNR,EPFL,NFFA,cross-dataset,1024,2.5417093972468003,10.831564606435771,3.2911342431501898,0.0949529545910108,1930,23512129,89.89471817016602,9.286561654639367,sota_iqa_baselines
ARNIQA_SNR,NFFA,Biofilms,cross-dataset,42,1.7836043170520235,5.092521799909266,2.2566616494080955,0.641499460209602,140,23512129,89.89471817016602,10.041897637503489,sota_iqa_baselines
ARNIQA_SNR,NFFA,Biofilms,cross-dataset,123,1.9770868182182315,5.8665880217733095,2.422104048502729,0.5870071734261231,140,23512129,89.89471817016602,10.179202897208077,sota_iqa_baselines
ARNIQA_SNR,NFFA,Biofilms,cross-dataset,456,1.8544608780315943,5.467587860429522,2.338287377639781,0.6150957666297403,140,23512129,89.89471817016602,10.01581975391933,sota_iqa_baselines
ARNIQA_SNR,NFFA,Biofilms,cross-dataset,789,1.668644918714251,4.645788315891654,2.155409083188538,0.6729483575251938,140,23512129,89.89471817016602,10.038701125553676,sota_iqa_baselines
ARNIQA_SNR,NFFA,Biofilms,cross-dataset,1024,2.109586111136845,9.112313637569477,3.018660901388143,0.3585163724058546,140,23512129,89.89471817016602,9.8245450428554,sota_iqa_baselines
ARNIQA_SNR,NFFA,EPFL,cross-dataset,42,0.3056324452861374,0.1347731110352487,0.3671145748063521,0.601823384900596,2130,23512129,89.89471817016602,10.617772178470808,sota_iqa_baselines
ARNIQA_SNR,NFFA,EPFL,cross-dataset,123,0.382322878233144,0.1776381548998601,0.421471416468377,0.4751819655477808,2130,23512129,89.89471817016602,10.283091706289373,sota_iqa_baselines
ARNIQA_SNR,NFFA,EPFL,cross-dataset,456,0.41144983578176,0.2075224168542754,0.4555462839869023,0.3868912510398931,2130,23512129,89.89471817016602,10.290051290127034,sota_iqa_baselines
ARNIQA_SNR,NFFA,EPFL,cross-dataset,789,0.5586800749872772,0.340168035705497,0.5832392611145935,-0.0049998548063721,2130,23512129,89.89471817016602,10.28571263165541,sota_iqa_baselines
ARNIQA_SNR,NFFA,EPFL,cross-dataset,1024,0.3294313784496325,0.1437196726500084,0.3791037755681264,0.5753914683767458,2130,23512129,89.89471817016602,10.389746074945156,sota_iqa_baselines
ARNIQA_SNR,NFFA,NFFA,in-domain,42,0.692895789344076,0.872229633453197,0.9339323495056786,0.9271195915495034,1930,23512129,89.89471817016602,10.427475469717708,sota_iqa_baselines
ARNIQA_SNR,NFFA,NFFA,in-domain,123,0.5807575333303738,0.6270262673552802,0.7918499020365414,0.947607913419402,1930,23512129,89.89471817016602,10.212218082012908,sota_iqa_baselines
ARNIQA_SNR,NFFA,NFFA,in-domain,456,0.3988395059664632,0.3700751991500454,0.6083380632099601,0.9690778315285232,1930,23512129,89.89471817016602,10.36905291166948,sota_iqa_baselines
ARNIQA_SNR,NFFA,NFFA,in-domain,789,0.3928667597202439,0.367582040649098,0.6062854448600082,0.9692861509927008,1930,23512129,89.89471817016602,9.942766298284186,sota_iqa_baselines
ARNIQA_SNR,NFFA,NFFA,in-domain,1024,0.5468162883748662,0.5393612105082312,0.7344121530232401,0.9549328940263488,1930,23512129,89.89471817016602,9.7191862491746,sota_iqa_baselines
CNN_KAN,Biofilms,Biofilms,in-domain,42,0.1797285676002502,0.158130332827568,0.3976560483980698,0.988867998123169,140,69975,0.2669334411621094,4.003390244075231,proposed_pipelines
CNN_KAN,Biofilms,Biofilms,in-domain,123,0.2432861030101776,0.246202141046524,0.4961876067038797,0.9826679825782776,140,69975,0.2669334411621094,3.352679525102888,proposed_pipelines
CNN_KAN,Biofilms,Biofilms,in-domain,456,0.1408403515815735,0.0433740392327308,0.2082643494041427,0.9969465732574464,140,69975,0.2669334411621094,3.753227846963065,proposed_pipelines
CNN_KAN,Biofilms,Biofilms,in-domain,789,0.1789570152759552,0.1156971231102943,0.3401427981161652,0.9918552041053772,140,69975,0.2669334411621094,3.377577236720494,proposed_pipelines
CNN_KAN,Biofilms,Biofilms,in-domain,1024,0.1784003525972366,0.1358320266008377,0.3685539670127534,0.9904377460479736,140,69975,0.2669334411621094,3.916221005575997,proposed_pipelines
CNN_KAN,Biofilms,EPFL,cross-dataset,42,2.534773826599121,6.812074661254883,2.6099951458297546,-19.125741958618164,2130,69975,0.2669334411621094,5.741931127270623,proposed_pipelines
CNN_KAN,Biofilms,EPFL,cross-dataset,123,1.1800544261932373,1.4963047504425049,1.223235361834551,-3.42071533203125,2130,69975,0.2669334411621094,5.694490643174436,proposed_pipelines
CNN_KAN,Biofilms,EPFL,cross-dataset,456,1.494438886642456,2.309713363647461,1.5197741159946965,-5.823867321014404,2130,69975,0.2669334411621094,5.670707326539805,proposed_pipelines
CNN_KAN,Biofilms,EPFL,cross-dataset,789,0.5378931164741516,0.320795863866806,0.5663884390299699,0.0522337555885314,2130,69975,0.2669334411621094,5.636912556321408,proposed_pipelines
CNN_KAN,Biofilms,EPFL,cross-dataset,1024,1.1698347330093384,1.494198203086853,1.2223740029495282,-3.414491653442383,2130,69975,0.2669334411621094,5.947870715683055,proposed_pipelines
CNN_KAN,Biofilms,NFFA,cross-dataset,42,0.5447106957435608,0.7357420325279236,0.8577540629620611,0.9385240077972412,1930,69975,0.2669334411621094,4.607926131530129,proposed_pipelines
CNN_KAN,Biofilms,NFFA,cross-dataset,123,0.4102659821510315,0.4561513662338257,0.6753897883695205,0.961885631084442,1930,69975,0.2669334411621094,4.58092343621921,proposed_pipelines
CNN_KAN,Biofilms,NFFA,cross-dataset,456,0.5761634707450867,0.7709891200065613,0.8780598612888311,0.9355788826942444,1930,69975,0.2669334411621094,4.5975565292674645,proposed_pipelines
CNN_KAN,Biofilms,NFFA,cross-dataset,789,0.4290456473827362,0.6134945750236511,0.7832589450645624,0.9487385749816896,1930,69975,0.2669334411621094,4.686553614127203,proposed_pipelines
CNN_KAN,Biofilms,NFFA,cross-dataset,1024,0.3867072463035583,0.4437569379806518,0.6661508372588387,0.9629212617874146,1930,69975,0.2669334411621094,4.69443625119066,proposed_pipelines
CNN_KAN,EPFL,Biofilms,cross-dataset,42,2.9441049098968506,12.988163948059082,3.603909536608693,0.0856664180755615,140,69975,0.2669334411621094,4.0063057626996725,proposed_pipelines
CNN_KAN,EPFL,Biofilms,cross-dataset,123,3.49222183227539,16.64515495300293,4.0798474178580415,-0.1717764139175415,140,69975,0.2669334411621094,3.6751627922058105,proposed_pipelines
CNN_KAN,EPFL,Biofilms,cross-dataset,456,1.3466923236846924,2.7501866817474365,1.6583686808871652,0.8063938617706299,140,69975,0.2669334411621094,4.191647257123675,proposed_pipelines
CNN_KAN,EPFL,Biofilms,cross-dataset,789,2.006704568862915,6.8207783699035645,2.611661993808457,0.5198346376419067,140,69975,0.2669334411621094,3.651399271828788,proposed_pipelines
CNN_KAN,EPFL,Biofilms,cross-dataset,1024,1.8097890615463257,4.325113296508789,2.079690673275425,0.6955230236053467,140,69975,0.2669334411621094,3.963540281568255,proposed_pipelines
CNN_KAN,EPFL,EPFL,in-domain,42,0.0153942070901393,0.0003872299275826,0.0196781586430912,0.9988559484481812,2130,69975,0.2669334411621094,5.876770713519603,proposed_pipelines
CNN_KAN,EPFL,EPFL,in-domain,123,0.0166215859353542,0.0004370432870928,0.0209055802859624,0.9987087845802308,2130,69975,0.2669334411621094,5.9163608461478505,proposed_pipelines
CNN_KAN,EPFL,EPFL,in-domain,456,0.0153563236817717,0.0003688998694997,0.0192067662426481,0.998910129070282,2130,69975,0.2669334411621094,5.954526959450591,proposed_pipelines
CNN_KAN,EPFL,EPFL,in-domain,789,0.0123703470453619,0.0002487530000507,0.0157719054033044,0.9992650747299194,2130,69975,0.2669334411621094,5.87859120167477,proposed_pipelines
CNN_KAN,EPFL,EPFL,in-domain,1024,0.0139441015198826,0.0003113954735454,0.017646401149963,0.9990800023078918,2130,69975,0.2669334411621094,6.032235297798551,proposed_pipelines
CNN_KAN,EPFL,NFFA,cross-dataset,42,1.6684664487838743,5.055097579956055,2.2483544160020803,0.5776140689849854,1930,69975,0.2669334411621094,4.62925928244319,proposed_pipelines
CNN_KAN,EPFL,NFFA,cross-dataset,123,1.896703600883484,6.246072769165039,2.499214430409092,0.4781003594398498,1930,69975,0.2669334411621094,4.65121553351842,proposed_pipelines
CNN_KAN,EPFL,NFFA,cross-dataset,456,1.2678718566894531,2.689515352249145,1.6399741925558298,0.7752736806869507,1930,69975,0.2669334411621094,4.565237346708465,proposed_pipelines
CNN_KAN,EPFL,NFFA,cross-dataset,789,1.2672324180603027,2.9539082050323486,1.7186937496343986,0.7531819343566895,1930,69975,0.2669334411621094,4.605018289595688,proposed_pipelines
CNN_KAN,EPFL,NFFA,cross-dataset,1024,1.2659093141555786,2.750047445297241,1.6583267004113638,0.7702158093452454,1930,69975,0.2669334411621094,4.702703199238358,proposed_pipelines
CNN_KAN,NFFA,Biofilms,cross-dataset,42,0.1314847469329834,0.0368630364537239,0.1919974907485092,0.997404932975769,140,69975,0.2669334411621094,3.679546288081578,proposed_pipelines
CNN_KAN,NFFA,Biofilms,cross-dataset,123,0.1657344102859497,0.058120597153902,0.2410821377744565,0.9959084391593932,140,69975,0.2669334411621094,3.740465641021729,proposed_pipelines
CNN_KAN,NFFA,Biofilms,cross-dataset,456,0.22395721077919,0.0908374488353729,0.3013925162232349,0.9936052560806274,140,69975,0.2669334411621094,3.900999682290213,proposed_pipelines
CNN_KAN,NFFA,Biofilms,cross-dataset,789,0.1981089860200882,0.0764495879411697,0.2764951861084922,0.9946181178092957,140,69975,0.2669334411621094,4.0532316480364114,proposed_pipelines
CNN_KAN,NFFA,Biofilms,cross-dataset,1024,0.2359155863523483,0.1362380236387252,0.3691043533185775,0.9904091954231262,140,69975,0.2669334411621094,3.993696825844901,proposed_pipelines
CNN_KAN,NFFA,EPFL,cross-dataset,42,0.3632761836051941,0.1344937682151794,0.3667339201862563,0.6026486158370972,2130,69975,0.2669334411621094,5.787607537748668,proposed_pipelines
CNN_KAN,NFFA,EPFL,cross-dataset,123,0.4048846364021301,0.1678948253393173,0.4097497106030916,0.5039678812026978,2130,69975,0.2669334411621094,5.9047144903263575,proposed_pipelines
CNN_KAN,NFFA,EPFL,cross-dataset,456,0.3886668980121612,0.1598989367485046,0.3998736509805374,0.5275911092758179,2130,69975,0.2669334411621094,5.925196661076075,proposed_pipelines
CNN_KAN,NFFA,EPFL,cross-dataset,789,0.4512270092964172,0.2048724442720413,0.4526283732512151,0.3947203755378723,2130,69975,0.2669334411621094,5.902105989590496,proposed_pipelines
CNN_KAN,NFFA,EPFL,cross-dataset,1024,0.4127552807331085,0.1724420040845871,0.4152613683989724,0.4905335903167724,2130,69975,0.2669334411621094,5.75760093653146,proposed_pipelines
CNN_KAN,NFFA,NFFA,in-domain,42,0.0546216703951358,0.0116347596049308,0.1078645428532049,0.9990278482437134,1930,69975,0.2669334411621094,4.562426725199804,proposed_pipelines
CNN_KAN,NFFA,NFFA,in-domain,123,0.0468517877161502,0.0087483990937471,0.0935328770740381,0.9992690086364746,1930,69975,0.2669334411621094,4.555460084905279,proposed_pipelines
CNN_KAN,NFFA,NFFA,in-domain,456,0.0505440048873424,0.0116355353966355,0.1078681389319178,0.9990277886390686,1930,69975,0.2669334411621094,4.686627116228014,proposed_pipelines
CNN_KAN,NFFA,NFFA,in-domain,789,0.0631711035966873,0.0147022167220711,0.1212526977929611,0.9987715482711792,1930,69975,0.2669334411621094,4.654596136023962,proposed_pipelines
CNN_KAN,NFFA,NFFA,in-domain,1024,0.0603183805942535,0.0146651901304721,0.1210999179622851,0.9987746477127076,1930,69975,0.2669334411621094,4.460315753758881,proposed_pipelines
CNN_KAN_Local,Biofilms,Biofilms,in-domain,42,0.1113417521119117,0.0467586182057857,0.2162374116701033,0.996708333492279,140,72883,0.2780265808105469,12.113276549748011,proposed_pipelines
CNN_KAN_Local,Biofilms,Biofilms,in-domain,123,0.1913534700870514,0.1276188939809799,0.3572378675070434,0.9910159707069396,140,72883,0.2780265808105469,4.010071073259626,proposed_pipelines
CNN_KAN_Local,Biofilms,Biofilms,in-domain,456,0.2186146825551986,0.2539674341678619,0.5039518173078275,0.9821213483810424,140,72883,0.2780265808105469,3.867942946297782,proposed_pipelines
CNN_KAN_Local,Biofilms,Biofilms,in-domain,789,0.2179046720266342,0.1924847215414047,0.438730807604623,0.9864495396614076,140,72883,0.2780265808105469,4.125922066824776,proposed_pipelines
CNN_KAN_Local,Biofilms,Biofilms,in-domain,1024,0.1341159492731094,0.0418551787734031,0.2045853825995473,0.9970535039901732,140,72883,0.2780265808105469,3.591258185250419,proposed_pipelines
CNN_KAN_Local,Biofilms,EPFL,cross-dataset,42,1.8052796125411987,3.4742562770843506,1.8639356955336068,-9.264418601989746,2130,72883,0.2780265808105469,13.34792605028466,proposed_pipelines
CNN_KAN_Local,Biofilms,EPFL,cross-dataset,123,1.1462072134017944,1.475502610206604,1.2147026838723145,-3.359257221221924,2130,72883,0.2780265808105469,5.905890240915504,proposed_pipelines
CNN_KAN_Local,Biofilms,EPFL,cross-dataset,456,0.8356369733810425,0.7089617848396301,0.8419986845830759,-1.0945723056793213,2130,72883,0.2780265808105469,5.813654711548711,proposed_pipelines
CNN_KAN_Local,Biofilms,EPFL,cross-dataset,789,0.564659059047699,0.3238231837749481,0.5690546404124547,0.0432896614074707,2130,72883,0.2780265808105469,6.053272099562094,proposed_pipelines
CNN_KAN_Local,Biofilms,EPFL,cross-dataset,1024,1.0283890962600708,1.075978398323059,1.0372937859271398,-2.17889404296875,2130,72883,0.2780265808105469,5.814819268777337,proposed_pipelines
CNN_KAN_Local,Biofilms,NFFA,cross-dataset,42,0.4022724330425262,0.4300383031368255,0.6557730576478615,0.96406751871109,1930,72883,0.2780265808105469,12.42765676172286,proposed_pipelines
CNN_KAN_Local,Biofilms,NFFA,cross-dataset,123,0.3773799240589142,0.4174869060516357,0.6461322666851081,0.9651162624359132,1930,72883,0.2780265808105469,4.8021884779856,proposed_pipelines
CNN_KAN_Local,Biofilms,NFFA,cross-dataset,456,0.4879504442214966,0.5920244455337524,0.7694312480876718,0.9505325555801392,1930,72883,0.2780265808105469,4.7522312618907865,proposed_pipelines
CNN_KAN_Local,Biofilms,NFFA,cross-dataset,789,0.4668321907520294,0.6769174337387085,0.8227499217494393,0.9434391856193542,1930,72883,0.2780265808105469,4.763368621391336,proposed_pipelines
CNN_KAN_Local,Biofilms,NFFA,cross-dataset,1024,0.3325849175453186,0.2840921580791473,0.5330029625425616,0.9762622714042664,1930,72883,0.2780265808105469,4.717179283576926,proposed_pipelines
CNN_KAN_Local,EPFL,Biofilms,cross-dataset,42,2.485825538635254,9.867743492126465,3.141296466767577,0.305336058139801,140,72883,0.2780265808105469,3.405383655003139,proposed_pipelines
CNN_KAN_Local,EPFL,Biofilms,cross-dataset,123,2.857352495193481,10.94747257232666,3.308696506530428,0.2293258905410766,140,72883,0.2780265808105469,3.4869892256600514,proposed_pipelines
CNN_KAN_Local,EPFL,Biofilms,cross-dataset,456,2.583970308303833,10.48475456237793,3.238017072589014,0.2619000673294067,140,72883,0.2780265808105469,4.296708106994629,proposed_pipelines
CNN_KAN_Local,EPFL,Biofilms,cross-dataset,789,1.626045823097229,3.718404769897461,1.9283165637149573,0.7382338047027588,140,72883,0.2780265808105469,4.183014801570347,proposed_pipelines
CNN_KAN_Local,EPFL,Biofilms,cross-dataset,1024,3.6852505207061768,19.419824600219727,4.406793006282429,-0.3671060800552368,140,72883,0.2780265808105469,3.625968524387905,proposed_pipelines
CNN_KAN_Local,EPFL,EPFL,in-domain,42,0.0154910627752542,0.0003826237807516,0.0195607714763912,0.99886953830719,2130,72883,0.2780265808105469,6.035129676962123,proposed_pipelines
CNN_KAN_Local,EPFL,EPFL,in-domain,123,0.0156232463195919,0.0003825847816187,0.0195597745799584,0.9988696575164796,2130,72883,0.2780265808105469,5.771777215697956,proposed_pipelines
CNN_KAN_Local,EPFL,EPFL,in-domain,456,0.0125371497124433,0.0002534793165978,0.0159210337791804,0.999251127243042,2130,72883,0.2780265808105469,6.110516848138801,proposed_pipelines
CNN_KAN_Local,EPFL,EPFL,in-domain,789,0.0149629348888993,0.0003517479344736,0.0187549442674106,0.9989607930183412,2130,72883,0.2780265808105469,6.048371086657887,proposed_pipelines
CNN_KAN_Local,EPFL,EPFL,in-domain,1024,0.0145989879965782,0.0003467068017926,0.0186200644948562,0.9989756941795348,2130,72883,0.2780265808105469,5.875582650233882,proposed_pipelines
CNN_KAN_Local,EPFL,NFFA,cross-dataset,42,1.5941582918167114,4.544470310211182,2.131776327434748,0.6202802062034607,1930,72883,0.2780265808105469,4.831164117921819,proposed_pipelines
CNN_KAN_Local,EPFL,NFFA,cross-dataset,123,1.6500204801559448,4.539098739624023,2.1305160735427515,0.6207290291786194,1930,72883,0.2780265808105469,4.640689167951672,proposed_pipelines
CNN_KAN_Local,EPFL,NFFA,cross-dataset,456,1.6469762325286863,5.016782760620117,2.239817573067083,0.5808154344558716,1930,72883,0.2780265808105469,4.731284892620818,proposed_pipelines
CNN_KAN_Local,EPFL,NFFA,cross-dataset,789,1.227837085723877,2.7144312858581543,1.6475531208001015,0.7731917500495911,1930,72883,0.2780265808105469,4.731789154092265,proposed_pipelines
CNN_KAN_Local,EPFL,NFFA,cross-dataset,1024,1.8877919912338257,6.579766273498535,2.565105509233204,0.4502180814743042,1930,72883,0.2780265808105469,4.81625023283489,proposed_pipelines
CNN_KAN_Local,NFFA,Biofilms,cross-dataset,42,0.2412313669919967,0.1269943118095398,0.3563626128110801,0.9910598993301392,140,72883,0.2780265808105469,4.356348514556885,proposed_pipelines
CNN_KAN_Local,NFFA,Biofilms,cross-dataset,123,0.1563132256269455,0.0596388392150402,0.2442106451714179,0.995801568031311,140,72883,0.2780265808105469,4.185363224574498,proposed_pipelines
CNN_KAN_Local,NFFA,Biofilms,cross-dataset,456,0.1637172102928161,0.0556813739240169,0.2359690105162475,0.9960801601409912,140,72883,0.2780265808105469,3.819400923592704,proposed_pipelines
CNN_KAN_Local,NFFA,Biofilms,cross-dataset,789,0.1578916758298874,0.0549640022218227,0.234444027908204,0.996130645275116,140,72883,0.2780265808105469,4.42638737814767,proposed_pipelines
CNN_KAN_Local,NFFA,Biofilms,cross-dataset,1024,0.1712693125009536,0.0940555185079574,0.3066847216735086,0.993378758430481,140,72883,0.2780265808105469,4.240667819976807,proposed_pipelines
CNN_KAN_Local,NFFA,EPFL,cross-dataset,42,0.415968120098114,0.1745094507932663,0.4177432833610449,0.4844254851341247,2130,72883,0.2780265808105469,7.858599295638537,proposed_pipelines
CNN_KAN_Local,NFFA,EPFL,cross-dataset,123,0.413183182477951,0.1721450239419937,0.4149036321147282,0.4914109706878662,2130,72883,0.2780265808105469,6.011610187834977,proposed_pipelines
CNN_KAN_Local,NFFA,EPFL,cross-dataset,456,0.2263953983783722,0.0567348971962928,0.2381908839487625,0.8323811888694763,2130,72883,0.2780265808105469,6.054243683255335,proposed_pipelines
CNN_KAN_Local,NFFA,EPFL,cross-dataset,789,0.3979912996292114,0.160156562924385,0.4001956558039893,0.5268299579620361,2130,72883,0.2780265808105469,6.094795997153986,proposed_pipelines
CNN_KAN_Local,NFFA,EPFL,cross-dataset,1024,0.4832793474197387,0.2369056195020675,0.4867295136953044,0.3000808358192444,2130,72883,0.2780265808105469,6.044361624919192,proposed_pipelines
CNN_KAN_Local,NFFA,NFFA,in-domain,42,0.064580999314785,0.0152581240981817,0.1235237794846875,0.9987250566482544,1930,72883,0.2780265808105469,4.76311488472736,proposed_pipelines
CNN_KAN_Local,NFFA,NFFA,in-domain,123,0.0506696067750453,0.0090295737609267,0.095024069376799,0.9992455244064332,1930,72883,0.2780265808105469,4.80179984334837,proposed_pipelines
CNN_KAN_Local,NFFA,NFFA,in-domain,456,0.0649324879050254,0.0179910846054554,0.1341308488210501,0.99849671125412,1930,72883,0.2780265808105469,4.607232494057769,proposed_pipelines
CNN_KAN_Local,NFFA,NFFA,in-domain,789,0.0493390299379825,0.0088210385292768,0.0939203839923839,0.9992629289627076,1930,72883,0.2780265808105469,4.701432415858451,proposed_pipelines
CNN_KAN_Local,NFFA,NFFA,in-domain,1024,0.0629870668053627,0.0142369102686643,0.119318524415383,0.9988104104995728,1930,72883,0.2780265808105469,4.724254756393828,proposed_pipelines
CNN_KAN_PSD,Biofilms,Biofilms,in-domain,42,0.1522107720375061,0.0609370581805706,0.246854325829163,0.9957101941108704,140,72883,0.2780265808105469,3.568385328565325,proposed_pipelines
CNN_KAN_PSD,Biofilms,Biofilms,in-domain,123,0.1718473136425018,0.1890531927347183,0.434802475538857,0.986691117286682,140,72883,0.2780265808105469,3.9160166467939104,proposed_pipelines
CNN_KAN_PSD,Biofilms,Biofilms,in-domain,456,0.1040357500314712,0.0215069912374019,0.1466526209701073,0.9984859824180604,140,72883,0.2780265808105469,3.9114321981157576,proposed_pipelines
CNN_KAN_PSD,Biofilms,Biofilms,in-domain,789,0.2665775418281555,0.4704872071743011,0.6859207003541307,0.9668788909912108,140,72883,0.2780265808105469,4.461748259408133,proposed_pipelines
CNN_KAN_PSD,Biofilms,Biofilms,in-domain,1024,0.1976001262664795,0.1705375462770462,0.4129619186765847,0.9879946112632751,140,72883,0.2780265808105469,4.749054568154471,proposed_pipelines
CNN_KAN_PSD,Biofilms,EPFL,cross-dataset,42,1.541937232017517,2.5117111206054688,1.5848378846448203,-6.420654296875,2130,72883,0.2780265808105469,5.717069218416169,proposed_pipelines
CNN_KAN_PSD,Biofilms,EPFL,cross-dataset,123,0.8307902812957764,0.7599156498908997,0.8717314092602719,-1.2451114654541016,2130,72883,0.2780265808105469,6.072054894317484,proposed_pipelines
CNN_KAN_PSD,Biofilms,EPFL,cross-dataset,456,0.7316311001777649,0.5885985493659973,0.7672017657474449,-0.7389684915542603,2130,72883,0.2780265808105469,6.248561429305815,proposed_pipelines
CNN_KAN_PSD,Biofilms,EPFL,cross-dataset,789,0.523626446723938,0.3141547739505768,0.5604951150104492,0.071854293346405,2130,72883,0.2780265808105469,5.995114420501279,proposed_pipelines
CNN_KAN_PSD,Biofilms,EPFL,cross-dataset,1024,1.3244777917861938,1.868290662765503,1.366854294636229,-4.519718647003174,2130,72883,0.2780265808105469,9.98869625055734,proposed_pipelines
CNN_KAN_PSD,Biofilms,NFFA,cross-dataset,42,0.4889581203460693,0.6215015053749084,0.7883536676992811,0.9480695724487304,1930,72883,0.2780265808105469,4.68063230959245,proposed_pipelines
CNN_KAN_PSD,Biofilms,NFFA,cross-dataset,123,0.3765779733657837,0.3944860696792602,0.6280812604108327,0.9670381546020508,1930,72883,0.2780265808105469,4.944129187826047,proposed_pipelines
CNN_KAN_PSD,Biofilms,NFFA,cross-dataset,456,0.4095832109451294,0.4572907090187073,0.6762327328802616,0.9617904424667358,1930,72883,0.2780265808105469,4.515287789656091,proposed_pipelines
CNN_KAN_PSD,Biofilms,NFFA,cross-dataset,789,0.4831880033016205,0.7312942743301392,0.8551574558700515,0.9388956427574158,1930,72883,0.2780265808105469,4.558833398967209,proposed_pipelines
CNN_KAN_PSD,Biofilms,NFFA,cross-dataset,1024,0.484859824180603,0.6126271486282349,0.782705020188471,0.9488110542297364,1930,72883,0.2780265808105469,3.862284008085419,proposed_pipelines
CNN_KAN_PSD,EPFL,Biofilms,cross-dataset,42,3.1145050525665283,13.81286334991455,3.716566069628596,0.027609646320343,140,72883,0.2780265808105469,10.747041021074567,proposed_pipelines
CNN_KAN_PSD,EPFL,Biofilms,cross-dataset,123,5.391085147857666,45.66839599609375,6.757839595321403,-2.214938402175904,140,72883,0.2780265808105469,4.118851252964565,proposed_pipelines
CNN_KAN_PSD,EPFL,Biofilms,cross-dataset,456,4.011711120605469,22.56338691711425,4.750093358778779,-0.5884048938751221,140,72883,0.2780265808105469,3.8586650575910295,proposed_pipelines
CNN_KAN_PSD,EPFL,Biofilms,cross-dataset,789,5.788525104522705,60.17026519775391,7.756949477581629,-3.235832691192627,140,72883,0.2780265808105469,4.250948769705636,proposed_pipelines
CNN_KAN_PSD,EPFL,Biofilms,cross-dataset,1024,3.714334487915039,21.35214233398437,4.6208378389621485,-0.503136396408081,140,72883,0.2780265808105469,4.092219897678921,proposed_pipelines
CNN_KAN_PSD,EPFL,EPFL,in-domain,42,0.0130099123343825,0.0002693471906241,0.0164118003468267,0.9992042183876038,2130,72883,0.2780265808105469,11.667663614514847,proposed_pipelines
CNN_KAN_PSD,EPFL,EPFL,in-domain,123,0.0126712415367364,0.0002572801313363,0.0160399542186473,0.9992398619651794,2130,72883,0.2780265808105469,6.038323926254058,proposed_pipelines
CNN_KAN_PSD,EPFL,EPFL,in-domain,456,0.0108409114181995,0.0001888100523501,0.013740817019019,0.9994421601295472,2130,72883,0.2780265808105469,5.932748373685309,proposed_pipelines
CNN_KAN_PSD,EPFL,EPFL,in-domain,789,0.0116795571520924,0.0002151542284991,0.0146681365039721,0.9993643164634703,2130,72883,0.2780265808105469,5.866187391146807,proposed_pipelines
CNN_KAN_PSD,EPFL,EPFL,in-domain,1024,0.0128396544605493,0.0002673234848771,0.0163500301185387,0.999210238456726,2130,72883,0.2780265808105469,5.96351466828109,proposed_pipelines
CNN_KAN_PSD,EPFL,NFFA,cross-dataset,42,1.5608757734298706,3.539423704147339,1.881335617094233,0.7042583227157593,1930,72883,0.2780265808105469,4.760030637750971,proposed_pipelines
CNN_KAN_PSD,EPFL,NFFA,cross-dataset,123,2.2842156887054443,7.841844081878662,2.800329280973697,0.3447633981704712,1930,72883,0.2780265808105469,4.680177214232134,proposed_pipelines
CNN_KAN_PSD,EPFL,NFFA,cross-dataset,456,1.5645296573638916,3.962536334991455,1.9906120503481977,0.6689045429229736,1930,72883,0.2780265808105469,4.621040882841911,proposed_pipelines
CNN_KAN_PSD,EPFL,NFFA,cross-dataset,789,2.001898288726806,6.972180843353272,2.6404887508477044,0.4174293875694275,1930,72883,0.2780265808105469,4.652811949734861,proposed_pipelines
CNN_KAN_PSD,EPFL,NFFA,cross-dataset,1024,1.558540105819702,3.779295444488525,1.944041008952364,0.6842155456542969,1930,72883,0.2780265808105469,4.617905987359082,proposed_pipelines
CNN_KAN_PSD,NFFA,Biofilms,cross-dataset,42,0.2173215895891189,0.0957094654440879,0.309369464304556,0.9932622909545898,140,72883,0.2780265808105469,4.078328609466553,proposed_pipelines
CNN_KAN_PSD,NFFA,Biofilms,cross-dataset,123,0.2302106022834777,0.1354683488607406,0.3680602516718433,0.990463376045227,140,72883,0.2780265808105469,3.8914476122174944,proposed_pipelines
CNN_KAN_PSD,NFFA,Biofilms,cross-dataset,456,0.1632460802793502,0.0670158788561821,0.2588742529804424,0.9952822327613832,140,72883,0.2780265808105469,4.06240565436227,proposed_pipelines
CNN_KAN_PSD,NFFA,Biofilms,cross-dataset,789,0.2038863152265548,0.1070695668458938,0.3272148634244689,0.9924625754356384,140,72883,0.2780265808105469,3.659336907523019,proposed_pipelines
CNN_KAN_PSD,NFFA,Biofilms,cross-dataset,1024,0.2381513565778732,0.1238024979829788,0.3518557914586298,0.9912846088409424,140,72883,0.2780265808105469,4.154028211321149,proposed_pipelines
CNN_KAN_PSD,NFFA,EPFL,cross-dataset,42,0.4042613506317138,0.1676933169364929,0.4095037447160806,0.5045632123947144,2130,72883,0.2780265808105469,6.128141018146641,proposed_pipelines
CNN_KAN_PSD,NFFA,EPFL,cross-dataset,123,0.4305887818336487,0.1873819530010223,0.4328763714977087,0.446394681930542,2130,72883,0.2780265808105469,6.021887595664728,proposed_pipelines
CNN_KAN_PSD,NFFA,EPFL,cross-dataset,456,0.3724300265312195,0.141589418053627,0.3762836935792288,0.5816851854324341,2130,72883,0.2780265808105469,6.089812936917157,proposed_pipelines
CNN_KAN_PSD,NFFA,EPFL,cross-dataset,789,0.4868497550487518,0.2390163391828537,0.488892973137121,0.2938449382781982,2130,72883,0.2780265808105469,6.111003983188683,proposed_pipelines
CNN_KAN_PSD,NFFA,EPFL,cross-dataset,1024,0.3851571977138519,0.1524703204631805,0.3904744811933048,0.5495383739471436,2130,72883,0.2780265808105469,5.811135086095389,proposed_pipelines
CNN_KAN_PSD,NFFA,NFFA,in-domain,42,0.0587710924446582,0.0109048848971724,0.1044264568831694,0.9990888237953186,1930,72883,0.2780265808105469,4.757819274546568,proposed_pipelines
CNN_KAN_PSD,NFFA,NFFA,in-domain,123,0.0532923266291618,0.0143682230263948,0.1198675228174623,0.998799443244934,1930,72883,0.2780265808105469,4.809207372714819,proposed_pipelines
CNN_KAN_PSD,NFFA,NFFA,in-domain,456,0.0572537742555141,0.0152936410158872,0.1236674614273587,0.9987221360206604,1930,72883,0.2780265808105469,4.741270307432185,proposed_pipelines
CNN_KAN_PSD,NFFA,NFFA,in-domain,789,0.0529725700616836,0.0167030207812786,0.1292401670583824,0.9986043572425842,1930,72883,0.2780265808105469,4.729002992106225,proposed_pipelines
CNN_KAN_PSD,NFFA,NFFA,in-domain,1024,0.0592065826058387,0.0129529330879449,0.1138109532863378,0.9989176988601683,1930,72883,0.2780265808105469,4.692185233911702,proposed_pipelines
CNN_MLP,Biofilms,Biofilms,in-domain,42,0.242550328373909,0.3366247713565826,0.5801937360542447,0.9763025045394896,140,25927,0.0989036560058593,3.961082867213658,proposed_pipelines
CNN_MLP,Biofilms,Biofilms,in-domain,123,0.4413765966892242,1.1366537809371948,1.0661396629603437,0.9199824929237366,140,25927,0.0989036560058593,4.076038088117327,proposed_pipelines
CNN_MLP,Biofilms,Biofilms,in-domain,456,0.396309494972229,1.0049608945846558,1.0024773785899888,0.929253339767456,140,25927,0.0989036560058593,4.023962361471994,proposed_pipelines
CNN_MLP,Biofilms,Biofilms,in-domain,789,0.3165948390960693,0.5335026383399963,0.7304126493565102,0.9624427556991576,140,25927,0.0989036560058593,4.160228797367641,proposed_pipelines
CNN_MLP,Biofilms,Biofilms,in-domain,1024,0.3261634111404419,0.6262852549552917,0.7913818641814404,0.955911099910736,140,25927,0.0989036560058593,4.001382419041225,proposed_pipelines
CNN_MLP,Biofilms,EPFL,cross-dataset,42,1.452870488166809,2.2346436977386475,1.494872468720542,-5.60207986831665,2130,25927,0.0989036560058593,5.409696404363068,proposed_pipelines
CNN_MLP,Biofilms,EPFL,cross-dataset,123,1.0491513013839722,1.2062108516693115,1.0982763093453811,-2.5636556148529053,2130,25927,0.0989036560058593,5.88775957134408,proposed_pipelines
CNN_MLP,Biofilms,EPFL,cross-dataset,456,0.9804317355155944,1.043996810913086,1.0217616213741276,-2.084406852722168,2130,25927,0.0989036560058593,5.733130907228855,proposed_pipelines
CNN_MLP,Biofilms,EPFL,cross-dataset,789,0.7736910581588745,0.6339706182479858,0.7962227189976344,-0.8730165958404541,2130,25927,0.0989036560058593,5.902056962671414,proposed_pipelines
CNN_MLP,Biofilms,EPFL,cross-dataset,1024,0.8515117168426514,0.7587066292762756,0.8710376738558876,-1.241539478302002,2130,25927,0.0989036560058593,5.884192807014,proposed_pipelines
CNN_MLP,Biofilms,NFFA,cross-dataset,42,0.3976841866970062,0.3865976929664612,0.6217698070560046,0.967697262763977,1930,25927,0.0989036560058593,4.694908023498219,proposed_pipelines
CNN_MLP,Biofilms,NFFA,cross-dataset,123,0.5683041214942932,0.9764093160629272,0.988134260140254,0.9184147119522096,1930,25927,0.0989036560058593,6.826247452454246,proposed_pipelines
CNN_MLP,Biofilms,NFFA,cross-dataset,456,0.5916028022766113,1.0066940784454346,1.0033414565567569,0.9158841967582704,1930,25927,0.0989036560058593,4.567572119322466,proposed_pipelines
CNN_MLP,Biofilms,NFFA,cross-dataset,789,0.5594804286956787,0.8233303427696228,0.9073755246697052,0.9312054514884948,1930,25927,0.0989036560058593,4.681133976872103,proposed_pipelines
CNN_MLP,Biofilms,NFFA,cross-dataset,1024,0.4914078414440155,0.6814792156219482,0.8255175441030603,0.9430580139160156,1930,25927,0.0989036560058593,4.55952123039127,proposed_pipelines
CNN_MLP,EPFL,Biofilms,cross-dataset,42,1.5818709135055542,6.168360233306885,2.483618375134732,0.5657631754875183,140,25927,0.0989036560058593,3.746185983930315,proposed_pipelines
CNN_MLP,EPFL,Biofilms,cross-dataset,123,1.47644305229187,5.923678874969482,2.4338608988538115,0.5829881429672241,140,25927,0.0989036560058593,3.5462379455566406,proposed_pipelines
CNN_MLP,EPFL,Biofilms,cross-dataset,456,1.478610277175903,6.933833122253418,2.633217256941291,0.5118758678436279,140,25927,0.0989036560058593,3.387660639626639,proposed_pipelines
CNN_MLP,EPFL,Biofilms,cross-dataset,789,1.3583887815475464,6.004099845886231,2.4503264774079048,0.5773267149925232,140,25927,0.0989036560058593,4.048090321677072,proposed_pipelines
CNN_MLP,EPFL,Biofilms,cross-dataset,1024,1.8290749788284304,9.90053367614746,3.1465113500744697,0.3030276894569397,140,25927,0.0989036560058593,4.35211317879813,proposed_pipelines
CNN_MLP,EPFL,EPFL,in-domain,42,0.010824323631823,0.0001909358834382,0.0138179551105876,0.9994359016418456,2130,25927,0.0989036560058593,5.888167233534262,proposed_pipelines
CNN_MLP,EPFL,EPFL,in-domain,123,0.0126439230516552,0.0002589001960586,0.016090375883076,0.9992350935935974,2130,25927,0.0989036560058593,5.777604367251687,proposed_pipelines
CNN_MLP,EPFL,EPFL,in-domain,456,0.0115772569552063,0.0002183602482546,0.0147770175696793,0.999354898929596,2130,25927,0.0989036560058593,5.748014047112264,proposed_pipelines
CNN_MLP,EPFL,EPFL,in-domain,789,0.0112822586670517,0.0002045686123892,0.0143027484208199,0.9993956089019777,2130,25927,0.0989036560058593,5.958969604241456,proposed_pipelines
CNN_MLP,EPFL,EPFL,in-domain,1024,0.0106777185574173,0.0001855680311564,0.0136223357452543,0.999451756477356,2130,25927,0.0989036560058593,5.940888185456325,proposed_pipelines
CNN_MLP,EPFL,NFFA,cross-dataset,42,1.2123054265975952,2.8733444213867188,1.6950942219790377,0.7599135637283325,1930,25927,0.0989036560058593,4.56997421739015,proposed_pipelines
CNN_MLP,EPFL,NFFA,cross-dataset,123,1.3776202201843262,3.5414979457855225,1.881886804721666,0.7040849924087524,1930,25927,0.0989036560058593,4.5881903850970485,proposed_pipelines
CNN_MLP,EPFL,NFFA,cross-dataset,456,1.2672102451324463,3.313315153121948,1.8202513983298976,0.7231512069702148,1930,25927,0.0989036560058593,4.69548010455512,proposed_pipelines
CNN_MLP,EPFL,NFFA,cross-dataset,789,1.20405375957489,2.929816484451294,1.7116706705588238,0.7551949620246887,1930,25927,0.0989036560058593,4.687628597793184,proposed_pipelines
CNN_MLP,EPFL,NFFA,cross-dataset,1024,1.518011450767517,4.533989429473877,2.129316657867936,0.6211559772491455,1930,25927,0.0989036560058593,4.676135216352235,proposed_pipelines
CNN_MLP,NFFA,Biofilms,cross-dataset,42,0.169402614235878,0.0848393663764,0.2912719800742941,0.9940274953842164,140,25927,0.0989036560058593,4.351774283817837,proposed_pipelines
CNN_MLP,NFFA,Biofilms,cross-dataset,123,0.1873736530542373,0.1159702837467193,0.3405440995623318,0.9918360114097596,140,25927,0.0989036560058593,4.275378159114292,proposed_pipelines
CNN_MLP,NFFA,Biofilms,cross-dataset,456,0.1682032495737075,0.0850056335330009,0.2915572560115781,0.9940158128738404,140,25927,0.0989036560058593,4.262764113289969,proposed_pipelines
CNN_MLP,NFFA,Biofilms,cross-dataset,789,0.167678102850914,0.07542035728693,0.2746276702863899,0.9946905970573424,140,25927,0.0989036560058593,3.888099534170968,proposed_pipelines
CNN_MLP,NFFA,Biofilms,cross-dataset,1024,0.1426035761833191,0.0527436472475528,0.229659851187692,0.9962869882583618,140,25927,0.0989036560058593,3.918697152818953,proposed_pipelines
CNN_MLP,NFFA,EPFL,cross-dataset,42,0.3166829943656921,0.1044253706932067,0.3231491462052883,0.6914833784103394,2130,25927,0.0989036560058593,6.247152744884223,proposed_pipelines
CNN_MLP,NFFA,EPFL,cross-dataset,123,0.4349740743637085,0.189902663230896,0.435778227118905,0.4389474391937256,2130,25927,0.0989036560058593,6.252681817247274,proposed_pipelines
CNN_MLP,NFFA,EPFL,cross-dataset,456,0.3716353178024292,0.1406286656856537,0.3750048875490207,0.5845235586166382,2130,25927,0.0989036560058593,6.169383066920608,proposed_pipelines
CNN_MLP,NFFA,EPFL,cross-dataset,789,0.3353747129440307,0.1153598055243492,0.3396465891545934,0.6591784954071045,2130,25927,0.0989036560058593,6.166741321903999,proposed_pipelines
CNN_MLP,NFFA,EPFL,cross-dataset,1024,0.3518204689025879,0.1244887486100196,0.3528296311394774,0.6322077512741089,2130,25927,0.0989036560058593,5.924318318075977,proposed_pipelines
CNN_MLP,NFFA,NFFA,in-domain,42,0.0522573962807655,0.0218004137277603,0.147649631654672,0.9981784224510192,1930,25927,0.0989036560058593,4.751832744618154,proposed_pipelines
CNN_MLP,NFFA,NFFA,in-domain,123,0.0441330224275589,0.0200371779501438,0.1415527391121196,0.998325765132904,1930,25927,0.0989036560058593,4.648639748133526,proposed_pipelines
CNN_MLP,NFFA,NFFA,in-domain,456,0.0423647388815879,0.0142729701474308,0.1194695364828661,0.998807430267334,1930,25927,0.0989036560058593,4.554136429425966,proposed_pipelines
CNN_MLP,NFFA,NFFA,in-domain,789,0.0433435216546058,0.0181891750544309,0.1348672497474126,0.9984802007675172,1930,25927,0.0989036560058593,4.630906223633129,proposed_pipelines
CNN_MLP,NFFA,NFFA,in-domain,1024,0.0398088693618774,0.008378367871046,0.0915334248842796,0.999299943447113,1930,25927,0.0989036560058593,4.595014344842941,proposed_pipelines
CNN_RF,Biofilms,Biofilms,in-domain,42,0.1237663151706968,0.0283992442340714,0.1685207531257544,0.998000765674143,140,23414,0.0893173217773437,7.720972810472761,proposed_pipelines
CNN_RF,Biofilms,Biofilms,in-domain,123,0.1487871051345553,0.0487712499117822,0.2208421379895201,0.9965666284590204,140,23414,0.0893173217773437,5.837791306631906,proposed_pipelines
CNN_RF,Biofilms,Biofilms,in-domain,456,0.1014117574180875,0.0263601749111427,0.1623581685999898,0.9981443109512496,140,23414,0.0893173217773437,7.005885669163295,proposed_pipelines
CNN_RF,Biofilms,Biofilms,in-domain,789,0.1016769851957049,0.0197096089604844,0.140390914807492,0.9986124938234888,140,23414,0.0893173217773437,6.067631925855364,proposed_pipelines
CNN_RF,Biofilms,Biofilms,in-domain,1024,0.121510795712471,0.0314017049564672,0.1772052622143802,0.997789400100863,140,23414,0.0893173217773437,13.617690971919467,proposed_pipelines
CNN_RF,Biofilms,EPFL,cross-dataset,42,1.50608588594562,2.719202489965747,1.6490004517785153,-7.033671070642987,2130,23414,0.0893173217773437,6.761835438544761,proposed_pipelines
CNN_RF,Biofilms,EPFL,cross-dataset,123,1.4578167963968196,2.2418115774401355,1.4972680379411485,-5.623256959337441,2130,23414,0.0893173217773437,6.458281351367074,proposed_pipelines
CNN_RF,Biofilms,EPFL,cross-dataset,456,1.6334182172739449,3.02803701521061,1.740125574552196,-7.946098519584703,2130,23414,0.0893173217773437,6.494255804679763,proposed_pipelines
CNN_RF,Biofilms,EPFL,cross-dataset,789,0.6154098515398625,0.5979495249769555,0.7732719605526607,-0.7665951021443034,2130,23414,0.0893173217773437,6.480192466520927,proposed_pipelines
CNN_RF,Biofilms,EPFL,cross-dataset,1024,1.6290480193845542,2.751821688156804,1.6588615638915756,-7.130041940345434,2130,23414,0.0893173217773437,6.551757552814036,proposed_pipelines
CNN_RF,Biofilms,NFFA,cross-dataset,42,0.7299069615126892,1.0216275833706845,1.0107559464928637,0.914636429783322,1930,23414,0.0893173217773437,5.623109353021019,proposed_pipelines
CNN_RF,Biofilms,NFFA,cross-dataset,123,0.923851485146142,2.072238847772354,1.4395273001136013,0.8268510861816076,1930,23414,0.0893173217773437,5.576550157576645,proposed_pipelines
CNN_RF,Biofilms,NFFA,cross-dataset,456,0.6778627623313449,1.1580824952908446,1.0761424140376796,0.9032347422753596,1930,23414,0.0893173217773437,6.484087761202007,proposed_pipelines
CNN_RF,Biofilms,NFFA,cross-dataset,789,0.7538988288153022,1.2649956176480162,1.1247202397254243,0.8943014617179678,1930,23414,0.0893173217773437,5.6792850939103365,proposed_pipelines
CNN_RF,Biofilms,NFFA,cross-dataset,1024,0.7278083891349753,1.2237232977552963,1.106220275422258,0.8977500300950503,1930,23414,0.0893173217773437,5.514411605083881,proposed_pipelines
CNN_RF,EPFL,Biofilms,cross-dataset,42,4.830372146538325,33.54108873637232,5.791466889862387,-1.3612070580358355,140,23414,0.0893173217773437,6.89373186656407,proposed_pipelines
CNN_RF,EPFL,Biofilms,cross-dataset,123,4.806695446082524,32.54542626193107,5.70485988100769,-1.2911149605326706,140,23414,0.0893173217773437,6.697821617126465,proposed_pipelines
CNN_RF,EPFL,Biofilms,cross-dataset,456,4.90362003993988,33.78746762394802,5.812698824465966,-1.3785515030199336,140,23414,0.0893173217773437,7.136539050510951,proposed_pipelines
CNN_RF,EPFL,Biofilms,cross-dataset,789,5.023156303882599,36.981469982617774,6.081239181500575,-1.6034011187241437,140,23414,0.0893173217773437,12.124366419655937,proposed_pipelines
CNN_RF,EPFL,Biofilms,cross-dataset,1024,4.863753858157566,34.56377542127093,5.879096480010422,-1.4332015909957407,140,23414,0.0893173217773437,7.763077531542097,proposed_pipelines
CNN_RF,EPFL,EPFL,in-domain,42,0.018552204521609,0.0005937063010277,0.0243660891615333,0.9982459411711242,2130,23414,0.0893173217773437,6.500213246949961,proposed_pipelines
CNN_RF,EPFL,EPFL,in-domain,123,0.0267296318761619,0.0011702162269761,0.0342084233336782,0.9965426876873836,2130,23414,0.0893173217773437,6.306952601867103,proposed_pipelines
CNN_RF,EPFL,EPFL,in-domain,456,0.0242979648840819,0.0009387508952336,0.0306390420090722,0.9972265339056549,2130,23414,0.0893173217773437,7.615208961594273,proposed_pipelines
CNN_RF,EPFL,EPFL,in-domain,789,0.0290817719446101,0.0013724584249571,0.0370467059933427,0.9959451789320856,2130,23414,0.0893173217773437,8.979845382797885,proposed_pipelines
CNN_RF,EPFL,EPFL,in-domain,1024,0.0227250653925076,0.0008545000960327,0.0292318336070931,0.997475446302108,2130,23414,0.0893173217773437,6.923027441535197,proposed_pipelines
CNN_RF,EPFL,NFFA,cross-dataset,42,2.416042349627598,11.0652123465658,3.3264413938270128,0.075430179760722,1930,23414,0.0893173217773437,5.576840336458671,proposed_pipelines
CNN_RF,EPFL,NFFA,cross-dataset,123,2.6078804696631552,11.989702954207123,3.462615045627672,-0.0018169699684129,1930,23414,0.0893173217773437,5.428993269569515,proposed_pipelines
CNN_RF,EPFL,NFFA,cross-dataset,456,2.657514201450842,13.105107863609646,3.6200977698965047,-0.095016240283398,1930,23414,0.0893173217773437,5.284211302050655,proposed_pipelines
CNN_RF,EPFL,NFFA,cross-dataset,789,2.73712878025134,13.957817573466023,3.736016270503385,-0.1662656332878516,1930,23414,0.0893173217773437,5.41935955304556,proposed_pipelines
CNN_RF,EPFL,NFFA,cross-dataset,1024,2.528267805618326,11.964752685927095,3.459010362217364,0.0002677857810552,1930,23414,0.0893173217773437,5.848199468820206,proposed_pipelines
CNN_RF,NFFA,Biofilms,cross-dataset,42,1.134017647205985,2.137794378989685,1.4621198237455386,0.8495047308698147,140,23414,0.0893173217773437,5.639134134565081,proposed_pipelines
CNN_RF,NFFA,Biofilms,cross-dataset,123,0.6812577119727753,0.8782432198817737,0.9371463172214752,0.9381739183913788,140,23414,0.0893173217773437,7.354773793901717,proposed_pipelines
CNN_RF,NFFA,Biofilms,cross-dataset,456,0.466180591898571,0.3964191877837277,0.6296182873644378,0.9720931007489708,140,23414,0.0893173217773437,6.983263151986258,proposed_pipelines
CNN_RF,NFFA,Biofilms,cross-dataset,789,0.6522619861037071,0.6792989095861559,0.8241959169919224,0.9521790901768934,140,23414,0.0893173217773437,13.587243216378347,proposed_pipelines
CNN_RF,NFFA,Biofilms,cross-dataset,1024,0.6089059164375067,0.632405783801686,0.7952394506069766,0.9554802465718432,140,23414,0.0893173217773437,7.943437780652728,proposed_pipelines
CNN_RF,NFFA,EPFL,cross-dataset,42,0.5962384022412726,0.5428253109871939,0.7367667955243327,-0.603734923523674,2130,23414,0.0893173217773437,6.389077952210332,proposed_pipelines
CNN_RF,NFFA,EPFL,cross-dataset,123,0.5606553786125541,0.4579182257826821,0.6766965536949942,-0.3528835814050892,2130,23414,0.0893173217773437,6.34532243433133,proposed_pipelines
CNN_RF,NFFA,EPFL,cross-dataset,456,1.480027810987732,2.400881414321091,1.5494777876178447,-6.09321635054796,2130,23414,0.0893173217773437,6.540761755106035,proposed_pipelines
CNN_RF,NFFA,EPFL,cross-dataset,789,0.4718852219514443,0.3108096934551532,0.557503088292032,0.0817370710713301,2130,23414,0.0893173217773437,7.663944853303578,proposed_pipelines
CNN_RF,NFFA,EPFL,cross-dataset,1024,0.9518229450552678,0.9975076059091872,0.9987530254818692,-1.9470582003034007,2130,23414,0.0893173217773437,6.473572713108689,proposed_pipelines
CNN_RF,NFFA,NFFA,in-domain,42,0.1060053267392469,0.0209799373607958,0.1448445282390601,0.9982469909924212,1930,23414,0.0893173217773437,5.489762706460113,proposed_pipelines
CNN_RF,NFFA,NFFA,in-domain,123,0.1249746361279406,0.0336803663338987,0.1835221140187164,0.9971857882820848,1930,23414,0.0893173217773437,5.576570540512164,proposed_pipelines
CNN_RF,NFFA,NFFA,in-domain,456,0.1074129318303086,0.0222974890967992,0.1493234378682706,0.9981369010516628,1930,23414,0.0893173217773437,5.780336399770153,proposed_pipelines
CNN_RF,NFFA,NFFA,in-domain,789,0.1208638200523631,0.0312519760852939,0.1767822844215278,0.9973886959412694,1930,23414,0.0893173217773437,5.6986268937896565,proposed_pipelines
CNN_RF,NFFA,NFFA,in-domain,1024,0.1272325388340115,0.0346172921238874,0.1860572280882618,0.9971075020927108,1930,23414,0.0893173217773437,8.315093159057932,proposed_pipelines
CalibNet,Biofilms,Biofilms,in-domain,42,1.1202863454818726,2.6894755363464355,1.639962053325148,0.8106677532196045,140,88961,0.3393592834472656,3.343944890158517,proposed_pipelines
CalibNet,Biofilms,Biofilms,in-domain,123,1.0642181634902954,2.281155824661255,1.5103495703515974,0.8394124507904053,140,88961,0.3393592834472656,4.3666686330522815,proposed_pipelines
CalibNet,Biofilms,Biofilms,in-domain,456,1.070352554321289,2.2038700580596924,1.4845437204945136,0.8448531627655029,140,88961,0.3393592834472656,3.615297589983258,proposed_pipelines
CalibNet,Biofilms,Biofilms,in-domain,789,0.8704842925071716,2.8414855003356934,1.68567063815435,0.7999666929244995,140,88961,0.3393592834472656,3.90286786215646,proposed_pipelines
CalibNet,Biofilms,Biofilms,in-domain,1024,1.170956254005432,3.012071371078491,1.735532013844311,0.7879578471183777,140,88961,0.3393592834472656,4.567583969661167,proposed_pipelines
CalibNet,Biofilms,EPFL,cross-dataset,42,0.6112028956413269,0.5788660645484924,0.7608324812654179,-0.7102146148681641,2130,88961,0.3393592834472656,5.315654266608154,proposed_pipelines
CalibNet,Biofilms,EPFL,cross-dataset,123,1.3976202011108398,2.8854634761810303,1.6986652042651107,-7.524875640869141,2130,88961,0.3393592834472656,7.850554515498344,proposed_pipelines
CalibNet,Biofilms,EPFL,cross-dataset,456,0.7597820162773132,0.7013126611709595,0.8374441242082719,-1.0719735622406006,2130,88961,0.3393592834472656,5.503622914703799,proposed_pipelines
CalibNet,Biofilms,EPFL,cross-dataset,789,1.7969130277633667,4.092633724212647,2.023025883228548,-11.091365814208984,2130,88961,0.3393592834472656,5.765033775651959,proposed_pipelines
CalibNet,Biofilms,EPFL,cross-dataset,1024,1.1862618923187256,1.809536576271057,1.3451901636092412,-4.346134662628174,2130,88961,0.3393592834472656,5.800303383052629,proposed_pipelines
CalibNet,Biofilms,NFFA,cross-dataset,42,1.5704121589660645,4.693345546722412,2.1664130600424314,0.6078407168388367,1930,88961,0.3393592834472656,4.650841846367237,proposed_pipelines
CalibNet,Biofilms,NFFA,cross-dataset,123,1.439772367477417,4.44257116317749,2.107740772290912,0.6287945508956909,1930,88961,0.3393592834472656,4.2894372050626295,proposed_pipelines
CalibNet,Biofilms,NFFA,cross-dataset,456,1.770383358001709,5.073063850402832,2.252346298952013,0.5761128067970276,1930,88961,0.3393592834472656,4.24197448967652,proposed_pipelines
CalibNet,Biofilms,NFFA,cross-dataset,789,1.681110143661499,7.203606605529785,2.6839535401213235,0.3980922102928161,1930,88961,0.3393592834472656,4.504064945359304,proposed_pipelines
CalibNet,Biofilms,NFFA,cross-dataset,1024,1.4479646682739258,4.268415451049805,2.0660143879096786,0.64334636926651,1930,88961,0.3393592834472656,4.2337979677427615,proposed_pipelines
CalibNet,EPFL,Biofilms,cross-dataset,42,7.780652046203613,77.12693786621094,8.782194365089566,-4.429539680480957,140,88961,0.3393592834472656,3.532353469303676,proposed_pipelines
CalibNet,EPFL,Biofilms,cross-dataset,123,6.047588348388672,45.11810302734375,6.717001044167237,-2.176199197769165,140,88961,0.3393592834472656,4.282258238111223,proposed_pipelines
CalibNet,EPFL,Biofilms,cross-dataset,456,4.295618534088135,35.12012481689453,5.926223486917662,-1.4723670482635498,140,88961,0.3393592834472656,5.742990970611572,proposed_pipelines
CalibNet,EPFL,Biofilms,cross-dataset,789,11.24946117401123,177.32449340820312,13.316324320479849,-11.48319149017334,140,88961,0.3393592834472656,5.791171959468297,proposed_pipelines
CalibNet,EPFL,Biofilms,cross-dataset,1024,5.4882683753967285,58.3049201965332,7.635765855271703,-3.1045174598693848,140,88961,0.3393592834472656,4.286021845681328,proposed_pipelines
CalibNet,EPFL,EPFL,in-domain,42,0.0243671294301748,0.0009497785940766,0.0308184781271988,0.9971939325332642,2130,88961,0.3393592834472656,6.922607802449258,proposed_pipelines
CalibNet,EPFL,EPFL,in-domain,123,0.0269678272306919,0.0011785655515268,0.0343302425206529,0.9965180158615112,2130,88961,0.3393592834472656,5.748971527171247,proposed_pipelines
CalibNet,EPFL,EPFL,in-domain,456,0.0244957618415355,0.0009446695912629,0.0307354777295381,0.9972090721130372,2130,88961,0.3393592834472656,5.900609661156024,proposed_pipelines
CalibNet,EPFL,EPFL,in-domain,789,0.0241384953260421,0.0009167268872261,0.0302774980344496,0.997291624546051,2130,88961,0.3393592834472656,5.86881055518495,proposed_pipelines
CalibNet,EPFL,EPFL,in-domain,1024,0.0307924505323171,0.001510206144303,0.0388613708495092,0.9955382347106934,2130,88961,0.3393592834472656,5.750414687143245,proposed_pipelines
CalibNet,EPFL,NFFA,cross-dataset,42,2.832838773727417,12.248571395874023,3.499795907745768,-0.023447036743164,1930,88961,0.3393592834472656,5.245333879105168,proposed_pipelines
CalibNet,EPFL,NFFA,cross-dataset,123,2.8712351322174072,12.310718536376951,3.508663354666126,-0.0286399126052856,1930,88961,0.3393592834472656,5.633541586485552,proposed_pipelines
CalibNet,EPFL,NFFA,cross-dataset,456,1.963653326034546,6.753680229187012,2.598784375277605,0.4356864690780639,1930,88961,0.3393592834472656,5.618571864508594,proposed_pipelines
CalibNet,EPFL,NFFA,cross-dataset,789,3.4188039302825928,25.36042022705078,5.035913048003389,-1.1190264225006104,1930,88961,0.3393592834472656,4.709988060392864,proposed_pipelines
CalibNet,EPFL,NFFA,cross-dataset,1024,2.596942901611328,10.278264045715332,3.205973182313809,0.1411848068237304,1930,88961,0.3393592834472656,5.667718333901519,proposed_pipelines
CalibNet,NFFA,Biofilms,cross-dataset,42,1.2496947050094604,2.9793567657470703,1.7260813323094224,0.790260910987854,140,88961,0.3393592834472656,4.268091065543039,proposed_pipelines
CalibNet,NFFA,Biofilms,cross-dataset,123,1.3250977993011477,2.833270311355591,1.683232102639321,0.8005449771881104,140,88961,0.3393592834472656,3.19324220929827,proposed_pipelines
CalibNet,NFFA,Biofilms,cross-dataset,456,1.1959636211395264,2.280179738998413,1.5100264034110176,0.8394811749458313,140,88961,0.3393592834472656,4.146337509155273,proposed_pipelines
CalibNet,NFFA,Biofilms,cross-dataset,789,1.128346562385559,2.131938934326172,1.460116068785688,0.849916934967041,140,88961,0.3393592834472656,4.011390890393939,proposed_pipelines
CalibNet,NFFA,Biofilms,cross-dataset,1024,1.4417853355407717,4.225267887115479,2.055545642187368,0.7025519013404846,140,88961,0.3393592834472656,3.79756007875715,proposed_pipelines
CalibNet,NFFA,EPFL,cross-dataset,42,0.1360658407211303,0.028483172878623,0.168769585170501,0.915848672389984,2130,88961,0.3393592834472656,5.6429130930296125,proposed_pipelines
CalibNet,NFFA,EPFL,cross-dataset,123,0.3404066562652588,0.1468330174684524,0.3831879662364835,0.5661933422088623,2130,88961,0.3393592834472656,5.459402984296772,proposed_pipelines
CalibNet,NFFA,EPFL,cross-dataset,456,0.2034784108400344,0.0589174479246139,0.2427291657889796,0.8259329795837402,2130,88961,0.3393592834472656,5.743706730050101,proposed_pipelines
CalibNet,NFFA,EPFL,cross-dataset,789,0.291640043258667,0.1178468987345695,0.3432883609075168,0.6518305540084839,2130,88961,0.3393592834472656,5.629781154399747,proposed_pipelines
CalibNet,NFFA,EPFL,cross-dataset,1024,0.4169282019138336,0.2030751556158065,0.450638608660872,0.4000303149223327,2130,88961,0.3393592834472656,5.402516423256745,proposed_pipelines
CalibNet,NFFA,NFFA,in-domain,42,0.1757208704948425,0.0530395582318306,0.230303187628462,0.9955682158470154,1930,88961,0.3393592834472656,4.580990885205837,proposed_pipelines
CalibNet,NFFA,NFFA,in-domain,123,0.1210173964500427,0.0340804755687713,0.1846089801953614,0.9971523284912108,1930,88961,0.3393592834472656,4.561747664614662,proposed_pipelines
CalibNet,NFFA,NFFA,in-domain,456,0.0819622948765754,0.0138450115919113,0.1176648273355777,0.9988431334495544,1930,88961,0.3393592834472656,4.676537810211972,proposed_pipelines
CalibNet,NFFA,NFFA,in-domain,789,0.060491420328617,0.0083913868293166,0.09160451314928,0.9992988705635072,1930,88961,0.3393592834472656,4.599542444851732,proposed_pipelines
CalibNet,NFFA,NFFA,in-domain,1024,0.2690998017787933,0.2432441264390945,0.4931978572936976,0.9796754121780396,1930,88961,0.3393592834472656,4.486553656622536,proposed_pipelines
ConvNextTinyRegression,Biofilms,Biofilms,in-domain,42,0.6598196625709534,1.248421311378479,1.1173277546801024,0.9121143221855164,140,27817825,106.11658096313477,9.44711310522897,proposed_pipelines
ConvNextTinyRegression,Biofilms,Biofilms,in-domain,123,0.8903689384460449,2.4029910564422607,1.550158397210511,0.8308355808258057,140,27817825,106.11658096313477,5.35113981791905,proposed_pipelines
ConvNextTinyRegression,Biofilms,Biofilms,in-domain,456,0.6880066990852356,1.313840389251709,1.146228768288298,0.9075089693069458,140,27817825,106.11658096313477,5.207094124385289,proposed_pipelines
ConvNextTinyRegression,Biofilms,Biofilms,in-domain,789,0.6431124210357666,0.9983487725257874,0.9991740451621968,0.9297187924385072,140,27817825,106.11658096313477,5.500946726117816,proposed_pipelines
ConvNextTinyRegression,Biofilms,Biofilms,in-domain,1024,0.5166957378387451,0.5857611298561096,0.7653503314535832,0.9587638974189758,140,27817825,106.11658096313477,5.434198038918631,proposed_pipelines
ConvNextTinyRegression,Biofilms,EPFL,cross-dataset,42,0.5768859386444092,0.4938905239105224,0.7027734513415561,-0.4591609239578247,2130,27817825,106.11658096313477,6.551011179534482,proposed_pipelines
ConvNextTinyRegression,Biofilms,EPFL,cross-dataset,123,1.0202767848968506,1.1468197107315063,1.0708966853676904,-2.3881893157958984,2130,27817825,106.11658096313477,6.389586914313231,proposed_pipelines
ConvNextTinyRegression,Biofilms,EPFL,cross-dataset,456,1.7152644395828247,4.182814121246338,2.0451929300792964,-11.357797622680664,2130,27817825,106.11658096313477,6.373438029222085,proposed_pipelines
ConvNextTinyRegression,Biofilms,EPFL,cross-dataset,789,3.1215269565582275,10.046841621398926,3.1696753179779984,-28.68260955810547,2130,27817825,106.11658096313477,6.35600101220216,proposed_pipelines
ConvNextTinyRegression,Biofilms,EPFL,cross-dataset,1024,1.117807388305664,1.8038214445114136,1.3430641996983663,-4.329249382019043,2130,27817825,106.11658096313477,6.38523583121143,proposed_pipelines
ConvNextTinyRegression,Biofilms,NFFA,cross-dataset,42,1.118429183959961,1.956587791442871,1.3987808232324574,0.8365144729614258,1930,27817825,106.11658096313477,5.442146933758197,proposed_pipelines
ConvNextTinyRegression,Biofilms,NFFA,cross-dataset,123,1.3073002099990845,2.6033997535705566,1.6135054240908384,0.7824691534042358,1930,27817825,106.11658096313477,5.30786242509753,proposed_pipelines
ConvNextTinyRegression,Biofilms,NFFA,cross-dataset,456,3.1302223205566406,20.56719017028809,4.535106412234236,-0.718521237373352,1930,27817825,106.11658096313477,5.309298372021611,proposed_pipelines
ConvNextTinyRegression,Biofilms,NFFA,cross-dataset,789,1.7590523958206177,4.642468929290772,2.1546389324642705,0.6120917797088623,1930,27817825,106.11658096313477,5.297233650721417,proposed_pipelines
ConvNextTinyRegression,Biofilms,NFFA,cross-dataset,1024,1.746784210205078,6.376852989196777,2.525243154469838,0.4671728610992431,1930,27817825,106.11658096313477,5.291159535936742,proposed_pipelines
ConvNextTinyRegression,EPFL,Biofilms,cross-dataset,42,5.260763645172119,37.64178466796875,6.135290104629833,-1.6498854160308838,140,27817825,106.11658096313477,5.32191480909075,proposed_pipelines
ConvNextTinyRegression,EPFL,Biofilms,cross-dataset,123,5.261024475097656,37.64512252807617,6.13556211997533,-1.650120496749878,140,27817825,106.11658096313477,5.324786049979074,proposed_pipelines
ConvNextTinyRegression,EPFL,Biofilms,cross-dataset,456,5.263271808624268,37.67381286621094,6.137899711319087,-1.6521403789520264,140,27817825,106.11658096313477,5.439305305480957,proposed_pipelines
ConvNextTinyRegression,EPFL,Biofilms,cross-dataset,789,5.261696815490723,37.65372467041016,6.13626308679885,-1.650726079940796,140,27817825,106.11658096313477,7.121832030160087,proposed_pipelines
ConvNextTinyRegression,EPFL,Biofilms,cross-dataset,1024,5.259966373443604,37.631591796875,6.134459372827813,-1.6491680145263672,140,27817825,106.11658096313477,7.088218416486468,proposed_pipelines
ConvNextTinyRegression,EPFL,EPFL,in-domain,42,0.495151162147522,0.3412036597728729,0.5841264073579219,-0.0080595016479492,2130,27817825,106.11658096313477,6.338233455246043,proposed_pipelines
ConvNextTinyRegression,EPFL,EPFL,in-domain,123,0.4951460659503937,0.3411714434623718,0.5840988302182875,-0.0079643726348876,2130,27817825,106.11658096313477,6.421083799550231,proposed_pipelines
ConvNextTinyRegression,EPFL,EPFL,in-domain,456,0.4950991868972778,0.3408275842666626,0.5838044058301227,-0.0069484710693359,2130,27817825,106.11658096313477,6.411027460590774,proposed_pipelines
ConvNextTinyRegression,EPFL,EPFL,in-domain,789,0.4951334595680237,0.3410804569721222,0.5840209388130893,-0.0076955556869506,2130,27817825,106.11658096313477,11.644571375958796,proposed_pipelines
ConvNextTinyRegression,EPFL,EPFL,in-domain,1024,0.4951693415641784,0.3413167893886566,0.5842232359198465,-0.0083937644958496,2130,27817825,106.11658096313477,8.820001060414203,proposed_pipelines
ConvNextTinyRegression,EPFL,NFFA,cross-dataset,42,2.8160998821258545,13.732831001281738,3.705783453101616,-0.1474665403366089,1930,27817825,106.11658096313477,5.2802613362129485,proposed_pipelines
ConvNextTinyRegression,EPFL,NFFA,cross-dataset,123,2.816192388534546,13.7337064743042,3.7059015737475,-0.1475396156311035,1930,27817825,106.11658096313477,5.525461379728169,proposed_pipelines
ConvNextTinyRegression,EPFL,NFFA,cross-dataset,456,2.817091703414917,13.74204444885254,3.707026362039058,-0.1482363939285278,1930,27817825,106.11658096313477,6.274755136954353,proposed_pipelines
ConvNextTinyRegression,EPFL,NFFA,cross-dataset,789,2.816444635391236,13.736064910888672,3.706219760198884,-0.1477367877960205,1930,27817825,106.11658096313477,7.35491878628113,proposed_pipelines
ConvNextTinyRegression,EPFL,NFFA,cross-dataset,1024,2.815800666809082,13.73001194000244,3.705403073891212,-0.1472309827804565,1930,27817825,106.11658096313477,7.390614865357395,proposed_pipelines
ConvNextTinyRegression,NFFA,Biofilms,cross-dataset,42,5.266747951507568,37.718379974365234,6.1415291234647125,-1.6552777290344238,140,27817825,106.11658096313477,7.410945211138044,proposed_pipelines
ConvNextTinyRegression,NFFA,Biofilms,cross-dataset,123,5.186758995056152,36.70497512817383,6.058463099514087,-1.5839366912841797,140,27817825,106.11658096313477,5.4405229432242255,proposed_pipelines
ConvNextTinyRegression,NFFA,Biofilms,cross-dataset,456,5.291764736175537,38.03989791870117,6.167649302505872,-1.6779117584228516,140,27817825,106.11658096313477,11.956816060202463,proposed_pipelines
ConvNextTinyRegression,NFFA,Biofilms,cross-dataset,789,5.352807998657227,38.82026290893555,6.230590895648305,-1.7328474521636963,140,27817825,106.11658096313477,5.406221321650913,proposed_pipelines
ConvNextTinyRegression,NFFA,Biofilms,cross-dataset,1024,5.341757297515869,38.67832565307617,6.219190112311745,-1.722855567932129,140,27817825,106.11658096313477,5.44764654976981,proposed_pipelines
ConvNextTinyRegression,NFFA,EPFL,cross-dataset,42,0.4950587451457977,0.3404437899589538,0.5834756121372631,-0.0058145523071289,2130,27817825,106.11658096313477,8.9369170542614,proposed_pipelines
ConvNextTinyRegression,NFFA,EPFL,cross-dataset,123,0.5022858381271362,0.3609789311885834,0.6008152221678337,-0.0664840936660766,2130,27817825,106.11658096313477,6.463040096659055,proposed_pipelines
ConvNextTinyRegression,NFFA,EPFL,cross-dataset,456,0.4953607618808746,0.3386040031909942,0.5818969008260778,-0.0003789663314819,2130,27817825,106.11658096313477,15.925328272609084,proposed_pipelines
ConvNextTinyRegression,NFFA,EPFL,cross-dataset,789,0.5004444718360901,0.3430931866168976,0.5857415698214509,-0.0136420726776123,2130,27817825,106.11658096313477,6.503605059055096,proposed_pipelines
ConvNextTinyRegression,NFFA,EPFL,cross-dataset,1024,0.49908247590065,0.341351717710495,0.5842531281135729,-0.0084969997406005,2130,27817825,106.11658096313477,6.463486599810246,proposed_pipelines
ConvNextTinyRegression,NFFA,NFFA,in-domain,42,2.81835675239563,13.753853797912598,3.7086188531463566,-0.1492230892181396,1930,27817825,106.11658096313477,6.760954980405502,proposed_pipelines
ConvNextTinyRegression,NFFA,NFFA,in-domain,123,2.789756774902344,13.482648849487305,3.6718726624826337,-0.126562237739563,1930,27817825,106.11658096313477,6.480449468978328,proposed_pipelines
ConvNextTinyRegression,NFFA,NFFA,in-domain,456,2.8279359340667725,13.843253135681152,3.720652246002192,-0.1566929817199707,1930,27817825,106.11658096313477,11.280346905011587,proposed_pipelines
ConvNextTinyRegression,NFFA,NFFA,in-domain,789,2.8520209789276123,14.06666374206543,3.750555124520293,-0.1753604412078857,1930,27817825,106.11658096313477,5.395170567566868,proposed_pipelines
ConvNextTinyRegression,NFFA,NFFA,in-domain,1024,2.847567558288574,14.025364875793455,3.7450453770005856,-0.1719096899032592,1930,27817825,106.11658096313477,5.36351055678926,proposed_pipelines
ResNeXt50Regression,Biofilms,Biofilms,in-domain,42,0.8087687492370605,2.039168119430542,1.4279944395656945,0.8564478158950806,140,23000609,87.74036026000977,5.651836735861642,proposed_pipelines
ResNeXt50Regression,Biofilms,Biofilms,in-domain,123,0.5776650309562683,0.7675933241844177,0.876124034703088,0.9459633827209472,140,23000609,87.74036026000977,5.688725199018206,proposed_pipelines
ResNeXt50Regression,Biofilms,Biofilms,in-domain,456,0.5275272727012634,0.9428462386131288,0.9710026975313348,0.9336260557174684,140,23000609,87.74036026000977,5.598924841199602,proposed_pipelines
ResNeXt50Regression,Biofilms,Biofilms,in-domain,789,0.5861201882362366,0.8020975589752197,0.8955989945144086,0.9435343742370604,140,23000609,87.74036026000977,5.561566352844238,proposed_pipelines
ResNeXt50Regression,Biofilms,Biofilms,in-domain,1024,0.4771935045719147,0.5588229298591614,0.747544600581906,0.9606602787971495,140,23000609,87.74036026000977,5.682628495352609,proposed_pipelines
ResNeXt50Regression,Biofilms,EPFL,cross-dataset,42,5.419448852539063,30.22979736328125,5.498163089912962,-88.31157684326172,2130,23000609,87.74036026000977,6.617789984868725,proposed_pipelines
ResNeXt50Regression,Biofilms,EPFL,cross-dataset,123,0.4126417934894562,0.2868490517139435,0.5355829083474785,0.1525269150733947,2130,23000609,87.74036026000977,6.625254613133104,proposed_pipelines
ResNeXt50Regression,Biofilms,EPFL,cross-dataset,456,5.76057243347168,36.61666488647461,6.051170538538359,-107.18107604980467,2130,23000609,87.74036026000977,6.636416408377634,proposed_pipelines
ResNeXt50Regression,Biofilms,EPFL,cross-dataset,789,0.4632658958435058,0.3511696457862854,0.5925956849204063,-0.0375032424926757,2130,23000609,87.74036026000977,6.640524819423336,proposed_pipelines
ResNeXt50Regression,Biofilms,EPFL,cross-dataset,1024,1.485335350036621,2.4235036373138428,1.556760622996947,-6.1600518226623535,2130,23000609,87.74036026000977,6.591207208767743,proposed_pipelines
ResNeXt50Regression,Biofilms,NFFA,cross-dataset,42,3.9643337726593018,48.42388153076172,6.958727005046377,-3.046127319335937,1930,23000609,87.74036026000977,5.630120835773686,proposed_pipelines
ResNeXt50Regression,Biofilms,NFFA,cross-dataset,123,1.1149449348449707,3.527719259262085,1.8782223668304248,0.7052363157272339,1930,23000609,87.74036026000977,5.699613057269951,proposed_pipelines
ResNeXt50Regression,Biofilms,NFFA,cross-dataset,456,3.617722272872925,53.885833740234375,7.340697088167743,-3.502508640289306,1930,23000609,87.74036026000977,5.601535436402948,proposed_pipelines
ResNeXt50Regression,Biofilms,NFFA,cross-dataset,789,1.92892062664032,11.140339851379396,3.337714764832279,0.06915283203125,1930,23000609,87.74036026000977,5.601597079341276,proposed_pipelines
ResNeXt50Regression,Biofilms,NFFA,cross-dataset,1024,0.9128151535987854,1.5329158306121826,1.2381097813248156,0.8719149827957153,1930,23000609,87.74036026000977,5.619924303163518,proposed_pipelines
ResNeXt50Regression,EPFL,Biofilms,cross-dataset,42,11.477377891540527,152.354248046875,12.34318630041996,-9.725349426269531,140,23000609,87.74036026000977,7.486559663500105,proposed_pipelines
ResNeXt50Regression,EPFL,Biofilms,cross-dataset,123,1.1139724254608154,2.560616970062256,1.6001927915292755,0.8197391033172607,140,23000609,87.74036026000977,8.225594248090472,proposed_pipelines
ResNeXt50Regression,EPFL,Biofilms,cross-dataset,456,1.0181182622909546,2.4870922565460205,1.5770517608962682,0.8249150514602661,140,23000609,87.74036026000977,7.060563564300537,proposed_pipelines
ResNeXt50Regression,EPFL,Biofilms,cross-dataset,789,17.835142135620117,382.6641845703125,19.561804225845645,-25.938581466674805,140,23000609,87.74036026000977,7.450808797563825,proposed_pipelines
ResNeXt50Regression,EPFL,Biofilms,cross-dataset,1024,7.136988639831543,69.95150756835938,8.363701786192486,-3.924407482147217,140,23000609,87.74036026000977,14.132252761295865,proposed_pipelines
ResNeXt50Regression,EPFL,EPFL,in-domain,42,0.0154290432110428,0.0003708961303345,0.0192586637733407,0.9989042282104492,2130,23000609,87.74036026000977,8.95927265776155,proposed_pipelines
ResNeXt50Regression,EPFL,EPFL,in-domain,123,0.1422396451234817,0.0337305851280689,0.1836588825188396,0.9003456234931946,2130,23000609,87.74036026000977,9.683002552516024,proposed_pipelines
ResNeXt50Regression,EPFL,EPFL,in-domain,456,0.1876817345619201,0.0566221512854099,0.2379540949120437,0.832714319229126,2130,23000609,87.74036026000977,9.09319304524453,proposed_pipelines
ResNeXt50Regression,EPFL,EPFL,in-domain,789,0.0301636885851621,0.0013817001599818,0.0371712275823902,0.9959178566932678,2130,23000609,87.74036026000977,17.306033322508906,proposed_pipelines
ResNeXt50Regression,EPFL,EPFL,in-domain,1024,0.2223495244979858,0.0550548285245895,0.2346376536802853,0.8373448252677917,2130,23000609,87.74036026000977,10.07318228063449,proposed_pipelines
ResNeXt50Regression,EPFL,NFFA,cross-dataset,42,4.61717414855957,45.93412399291992,6.777471799492782,-2.838092088699341,1930,23000609,87.74036026000977,7.345410208627968,proposed_pipelines
ResNeXt50Regression,EPFL,NFFA,cross-dataset,123,0.3486458957195282,0.5559312105178833,0.7456079469251138,0.9535483717918396,1930,23000609,87.74036026000977,7.243832281834103,proposed_pipelines
ResNeXt50Regression,EPFL,NFFA,cross-dataset,456,0.3204573094844818,0.4736552536487579,0.6882261646063436,0.9604230523109436,1930,23000609,87.74036026000977,7.449615804642594,proposed_pipelines
ResNeXt50Regression,EPFL,NFFA,cross-dataset,789,5.246283531188965,67.0065689086914,8.185754022000136,-4.598830699920654,1930,23000609,87.74036026000977,14.915410224637837,proposed_pipelines
ResNeXt50Regression,EPFL,NFFA,cross-dataset,1024,3.900785207748413,24.835107803344727,4.983483500860089,-1.0751333236694336,1930,23000609,87.74036026000977,7.390925180109054,proposed_pipelines
ResNeXt50Regression,NFFA,Biofilms,cross-dataset,42,2.023273468017578,6.732357025146484,2.594678597658385,0.5260592699050903,140,23000609,87.74036026000977,5.644547939300537,proposed_pipelines
ResNeXt50Regression,NFFA,Biofilms,cross-dataset,123,1.2728266716003418,3.2147579193115234,1.792974600855105,0.7736892700195312,140,23000609,87.74036026000977,5.670854023524693,proposed_pipelines
ResNeXt50Regression,NFFA,Biofilms,cross-dataset,456,1.7113306522369385,4.990837097167969,2.234018150590538,0.6486577987670898,140,23000609,87.74036026000977,5.727366038731166,proposed_pipelines
ResNeXt50Regression,NFFA,Biofilms,cross-dataset,789,1.6473960876464844,4.631162643432617,2.152013625289724,0.6739779710769653,140,23000609,87.74036026000977,5.855204377855573,proposed_pipelines
ResNeXt50Regression,NFFA,Biofilms,cross-dataset,1024,1.662056565284729,4.472778797149658,2.114894512061928,0.6851277947425842,140,23000609,87.74036026000977,5.627070154462542,proposed_pipelines
ResNeXt50Regression,NFFA,EPFL,cross-dataset,42,0.1774666011333465,0.0509859882295131,0.2258007711003511,0.8493658900260925,2130,23000609,87.74036026000977,6.629634127370628,proposed_pipelines
ResNeXt50Regression,NFFA,EPFL,cross-dataset,123,0.1320238262414932,0.0262472201138734,0.1620099383182201,0.9224546551704408,2130,23000609,87.74036026000977,6.563293877901606,proposed_pipelines
ResNeXt50Regression,NFFA,EPFL,cross-dataset,456,0.2450873851776123,0.082628421485424,0.2874515985090777,0.7558807730674744,2130,23000609,87.74036026000977,9.383521057630368,proposed_pipelines
ResNeXt50Regression,NFFA,EPFL,cross-dataset,789,0.2236184775829315,0.0714755803346633,0.2673491730577512,0.7888309955596924,2130,23000609,87.74036026000977,6.590553852314121,proposed_pipelines
ResNeXt50Regression,NFFA,EPFL,cross-dataset,1024,0.1377879381179809,0.0290828105062246,0.1705368303511726,0.91407710313797,2130,23000609,87.74036026000977,6.590612617456857,proposed_pipelines
ResNeXt50Regression,NFFA,NFFA,in-domain,42,0.2583189010620117,0.2384189367294311,0.4882816162108002,0.9800785779953004,1930,23000609,87.74036026000977,5.614179156604826,proposed_pipelines
ResNeXt50Regression,NFFA,NFFA,in-domain,123,0.306366890668869,0.5533693432807922,0.7438879910852119,0.953762412071228,1930,23000609,87.74036026000977,5.586050705588543,proposed_pipelines
ResNeXt50Regression,NFFA,NFFA,in-domain,456,0.2998929023742676,0.4309909343719482,0.6564989979976726,0.9639879465103148,1930,23000609,87.74036026000977,5.730718528668497,proposed_pipelines
ResNeXt50Regression,NFFA,NFFA,in-domain,789,0.2993094623088836,0.3803915083408355,0.6167588737430825,0.968215823173523,1930,23000609,87.74036026000977,5.6605106808361,proposed_pipelines
ResNeXt50Regression,NFFA,NFFA,in-domain,1024,0.3244563639163971,0.6749460101127625,0.8215509784016829,0.9436039328575134,1930,23000609,87.74036026000977,5.662551445046854,proposed_pipelines
ResNet18Regression,Biofilms,Biofilms,in-domain,42,0.6502392292022705,1.2149460315704346,1.1022459034037888,0.914470911026001,140,11170753,42.613040924072266,4.816647938319615,proposed_pipelines
ResNet18Regression,Biofilms,Biofilms,in-domain,123,0.7021484375,1.1809206008911133,1.0867017074115202,0.9168661832809448,140,11170753,42.613040924072266,3.669008186885288,proposed_pipelines
ResNet18Regression,Biofilms,Biofilms,in-domain,456,0.6644591689109802,0.9707408547401428,0.9852618204011272,0.9316623210906982,140,11170753,42.613040924072266,3.9141007832118446,proposed_pipelines
ResNet18Regression,Biofilms,Biofilms,in-domain,789,0.4821577966213226,0.5635706186294556,0.7507134064537915,0.960326075553894,140,11170753,42.613040924072266,3.373633112226213,proposed_pipelines
ResNet18Regression,Biofilms,Biofilms,in-domain,1024,0.5817268490791321,0.9131072163581848,0.9555664374381224,0.9357196092605592,140,11170753,42.613040924072266,3.574073314666748,proposed_pipelines
ResNet18Regression,Biofilms,EPFL,cross-dataset,42,1.5265482664108276,2.6203229427337646,1.618741159893627,-6.741539478302002,2130,11170753,42.613040924072266,5.783018595735792,proposed_pipelines
ResNet18Regression,Biofilms,EPFL,cross-dataset,123,4.150828838348389,18.59103012084961,4.311731684700431,-53.92574691772461,2130,11170753,42.613040924072266,5.888653473115303,proposed_pipelines
ResNet18Regression,Biofilms,EPFL,cross-dataset,456,2.519840717315674,6.693713665008545,2.5872212245976463,-18.77605438232422,2130,11170753,42.613040924072266,5.822697939447394,proposed_pipelines
ResNet18Regression,Biofilms,EPFL,cross-dataset,789,1.689847469329834,3.074953317642212,1.753554480944978,-8.084709167480469,2130,11170753,42.613040924072266,5.766558087487735,proposed_pipelines
ResNet18Regression,Biofilms,EPFL,cross-dataset,1024,0.7036022543907166,0.6967789530754089,0.834732863301433,-1.0585789680480957,2130,11170753,42.613040924072266,5.847401798051288,proposed_pipelines
ResNet18Regression,Biofilms,NFFA,cross-dataset,42,1.2447876930236816,2.386500597000122,1.544830280969441,0.8005924820899963,1930,11170753,42.613040924072266,4.449957022395159,proposed_pipelines
ResNet18Regression,Biofilms,NFFA,cross-dataset,123,2.8313162326812744,16.335559844970703,4.04172733431768,-0.3649412393569946,1930,11170753,42.613040924072266,4.522239853063396,proposed_pipelines
ResNet18Regression,Biofilms,NFFA,cross-dataset,456,1.80372166633606,4.760644912719727,2.1818902155515816,0.602217435836792,1930,11170753,42.613040924072266,4.33470918724574,proposed_pipelines
ResNet18Regression,Biofilms,NFFA,cross-dataset,789,1.275841236114502,3.111811399459839,1.764032709294201,0.7399880886077881,1930,11170753,42.613040924072266,5.714260975931592,proposed_pipelines
ResNet18Regression,Biofilms,NFFA,cross-dataset,1024,0.9174749851226808,1.684792160987854,1.2979954395096518,0.8592247366905212,1930,11170753,42.613040924072266,4.616396785400074,proposed_pipelines
ResNet18Regression,EPFL,Biofilms,cross-dataset,42,3.180589437484741,14.250734329223633,3.7750144806640975,-0.0032153129577636,140,11170753,42.613040924072266,4.676270484924316,proposed_pipelines
ResNet18Regression,EPFL,Biofilms,cross-dataset,123,3.893057584762573,19.95874214172364,4.46752080484508,-0.4050444364547729,140,11170753,42.613040924072266,4.675875391278948,proposed_pipelines
ResNet18Regression,EPFL,Biofilms,cross-dataset,456,4.220085144042969,22.854145050048828,4.780600908886751,-0.6088734865188599,140,11170753,42.613040924072266,4.709063257489886,proposed_pipelines
ResNet18Regression,EPFL,Biofilms,cross-dataset,789,2.6753170490264893,10.53905963897705,3.246391787658577,0.2580770850181579,140,11170753,42.613040924072266,4.465695789882115,proposed_pipelines
ResNet18Regression,EPFL,Biofilms,cross-dataset,1024,2.419086456298828,9.255108833312988,3.0422210362353668,0.3484640121459961,140,11170753,42.613040924072266,4.594993591308594,proposed_pipelines
ResNet18Regression,EPFL,EPFL,in-domain,42,0.017827233299613,0.0005096802487969,0.0225760990606645,0.9984942078590392,2130,11170753,42.613040924072266,6.30837404671969,proposed_pipelines
ResNet18Regression,EPFL,EPFL,in-domain,123,0.023483233526349,0.0008670986862853,0.0294465394619693,0.9974382519721984,2130,11170753,42.613040924072266,6.349561471894313,proposed_pipelines
ResNet18Regression,EPFL,EPFL,in-domain,456,0.015797596424818,0.0003795904922299,0.0194830822055933,0.998878538608551,2130,11170753,42.613040924072266,6.789194362264284,proposed_pipelines
ResNet18Regression,EPFL,EPFL,in-domain,789,0.016894344240427,0.0004585013084579,0.0214126436587808,0.9986453652381896,2130,11170753,42.613040924072266,6.098644946102805,proposed_pipelines
ResNet18Regression,EPFL,EPFL,in-domain,1024,0.0195405092090368,0.0005865480634383,0.0242187543742114,0.9982671141624452,2130,11170753,42.613040924072266,6.330661594587872,proposed_pipelines
ResNet18Regression,EPFL,NFFA,cross-dataset,42,1.866183161735535,4.892009258270264,2.2117887010901978,0.5912411212921143,1930,11170753,42.613040924072266,4.937192195437733,proposed_pipelines
ResNet18Regression,EPFL,NFFA,cross-dataset,123,1.9376540184021,5.637052536010742,2.374247783195921,0.5289878845214844,1930,11170753,42.613040924072266,4.902327245998876,proposed_pipelines
ResNet18Regression,EPFL,NFFA,cross-dataset,456,2.16795301437378,6.665221214294434,2.58170897164929,0.443077802658081,1930,11170753,42.613040924072266,5.787335529228566,proposed_pipelines
ResNet18Regression,EPFL,NFFA,cross-dataset,789,1.6011126041412354,3.913356065750122,1.9782204290093968,0.6730138659477234,1930,11170753,42.613040924072266,4.832955716187472,proposed_pipelines
ResNet18Regression,EPFL,NFFA,cross-dataset,1024,1.7076849937438965,4.2751145362854,2.06763501041296,0.6427866220474243,1930,11170753,42.613040924072266,4.89469216895227,proposed_pipelines
ResNet18Regression,NFFA,Biofilms,cross-dataset,42,1.2075904607772827,2.928112745285034,1.711172915074638,0.7938683032989502,140,11170753,42.613040924072266,4.2601670537676135,proposed_pipelines
ResNet18Regression,NFFA,Biofilms,cross-dataset,123,1.5586153268814087,4.1004133224487305,2.0249477332634367,0.711341381072998,140,11170753,42.613040924072266,4.0701712880815775,proposed_pipelines
ResNet18Regression,NFFA,Biofilms,cross-dataset,456,1.9142637252807613,6.387550354003906,2.5273603530173347,0.55033278465271,140,11170753,42.613040924072266,4.127732345036098,proposed_pipelines
ResNet18Regression,NFFA,Biofilms,cross-dataset,789,1.7212131023406982,4.463035583496094,2.1125897811681504,0.6858136653900146,140,11170753,42.613040924072266,4.025343486240932,proposed_pipelines
ResNet18Regression,NFFA,Biofilms,cross-dataset,1024,1.0368709564208984,2.161898374557495,1.4703395439684994,0.8478078842163086,140,11170753,42.613040924072266,4.269141810280936,proposed_pipelines
ResNet18Regression,NFFA,EPFL,cross-dataset,42,0.1838826239109039,0.0509228073060512,0.2256608235960581,0.849552571773529,2130,11170753,42.613040924072266,5.942762177874784,proposed_pipelines
ResNet18Regression,NFFA,EPFL,cross-dataset,123,0.1848545670509338,0.054587222635746,0.2336390862757043,0.8387263417243958,2130,11170753,42.613040924072266,6.145012882393851,proposed_pipelines
ResNet18Regression,NFFA,EPFL,cross-dataset,456,0.3719687163829803,0.1719170659780502,0.4146288291689933,0.4920844435691833,2130,11170753,42.613040924072266,6.081395529805215,proposed_pipelines
ResNet18Regression,NFFA,EPFL,cross-dataset,789,0.280050665140152,0.1091173440217971,0.3303291449778496,0.6776213645935059,2130,11170753,42.613040924072266,6.072007994136899,proposed_pipelines
ResNet18Regression,NFFA,EPFL,cross-dataset,1024,0.2084444016218185,0.0649246126413345,0.2548030860121881,0.808185338973999,2130,11170753,42.613040924072266,5.979684596890015,proposed_pipelines
ResNet18Regression,NFFA,NFFA,in-domain,42,0.3170580863952636,0.3320092856884002,0.5762024693529179,0.9722585082054138,1930,11170753,42.613040924072266,4.684358433738274,proposed_pipelines
ResNet18Regression,NFFA,NFFA,in-domain,123,0.3498819172382355,0.5893901586532593,0.7677174992490787,0.9507526755332948,1930,11170753,42.613040924072266,4.758297347034198,proposed_pipelines
ResNet18Regression,NFFA,NFFA,in-domain,456,0.3238176703453064,0.3752368092536926,0.6125657591260653,0.96864652633667,1930,11170753,42.613040924072266,4.750692535558512,proposed_pipelines
ResNet18Regression,NFFA,NFFA,in-domain,789,0.294547826051712,0.338095098733902,0.5814594557954166,0.9717499613761902,1930,11170753,42.613040924072266,4.772623091781695,proposed_pipelines
ResNet18Regression,NFFA,NFFA,in-domain,1024,0.3414290845394134,0.5854119062423706,0.765122151190495,0.951085090637207,1930,11170753,42.613040924072266,4.712675148958987,proposed_pipelines
TOPIQ_NR_SNR,Biofilms,Biofilms,in-domain,42,0.8347680756023952,1.3831098030176003,1.176056887662157,0.9026325992399216,140,45196934,172.61566162109375,11.523815563746862,sota_iqa_baselines
TOPIQ_NR_SNR,Biofilms,Biofilms,in-domain,123,1.2261928234781538,3.033867858265315,1.741800177478839,0.786423444498513,140,45196934,172.61566162109375,11.707162857055664,sota_iqa_baselines
TOPIQ_NR_SNR,Biofilms,Biofilms,in-domain,456,0.8930736133030482,1.4028676683448025,1.1844271477574306,0.9012416959383328,140,45196934,172.61566162109375,12.0856659752982,sota_iqa_baselines
TOPIQ_NR_SNR,Biofilms,Biofilms,in-domain,789,0.989212473801204,2.05017249692628,1.4318423436001186,0.8556730877765522,140,45196934,172.61566162109375,12.3352016721453,sota_iqa_baselines
TOPIQ_NR_SNR,Biofilms,Biofilms,in-domain,1024,1.2661272815295628,3.282923111005889,1.8118838569306503,0.7688905902362649,140,45196934,172.61566162109375,13.466097627367292,sota_iqa_baselines
TOPIQ_NR_SNR,Biofilms,EPFL,cross-dataset,42,0.7157446198620147,0.7612569513807952,0.8725004019373259,-1.2490741201516058,2130,45196934,172.61566162109375,12.385175597499794,sota_iqa_baselines
TOPIQ_NR_SNR,Biofilms,EPFL,cross-dataset,123,1.1929350409709232,1.7603762340856004,1.3267917071212043,-4.200893893488262,2130,45196934,172.61566162109375,12.389661000927848,sota_iqa_baselines
TOPIQ_NR_SNR,Biofilms,EPFL,cross-dataset,456,0.9282726323660552,1.1231562739491376,1.059790674590571,-2.318277362253377,2130,45196934,172.61566162109375,12.660429063537311,sota_iqa_baselines
TOPIQ_NR_SNR,Biofilms,EPFL,cross-dataset,789,1.6076653583508702,2.8345489661192067,1.6836118810816247,-7.374453212463669,2130,45196934,172.61566162109375,12.7699721027428,sota_iqa_baselines
TOPIQ_NR_SNR,Biofilms,EPFL,cross-dataset,1024,1.1382471465168984,1.62059408215132,1.2730255622536886,-3.787918458841321,2130,45196934,172.61566162109375,12.834965679007516,sota_iqa_baselines
TOPIQ_NR_SNR,Biofilms,NFFA,cross-dataset,42,1.5154559173732225,4.383852494655055,2.09376514792253,0.6337008648372953,1930,45196934,172.61566162109375,12.63837196666342,sota_iqa_baselines
TOPIQ_NR_SNR,Biofilms,NFFA,cross-dataset,123,1.8776650140940216,5.744926931886997,2.3968577204095776,0.5199743218347679,1930,45196934,172.61566162109375,12.91084128957956,sota_iqa_baselines
TOPIQ_NR_SNR,Biofilms,NFFA,cross-dataset,456,1.6840778113646828,4.8968352901286485,2.212879411565088,0.5908378454805938,1930,45196934,172.61566162109375,12.71534398429752,sota_iqa_baselines
TOPIQ_NR_SNR,Biofilms,NFFA,cross-dataset,789,1.3367540455852764,3.361186131166072,1.8333537932341568,0.719151231829052,1930,45196934,172.61566162109375,12.931828795319394,sota_iqa_baselines
TOPIQ_NR_SNR,Biofilms,NFFA,cross-dataset,1024,1.3912571653800925,3.404867990130304,1.8452284384677968,0.7155013309301496,1930,45196934,172.61566162109375,12.92773256647772,sota_iqa_baselines
TOPIQ_NR_SNR,EPFL,Biofilms,cross-dataset,42,4.719486548219408,31.777515439160872,5.637154906436479,-1.2370559981382616,140,45196934,172.61566162109375,11.741037028176445,sota_iqa_baselines
TOPIQ_NR_SNR,EPFL,Biofilms,cross-dataset,123,4.524288087231772,28.987064612665453,5.3839636526137,-1.0406153805301064,140,45196934,172.61566162109375,11.502689974648613,sota_iqa_baselines
TOPIQ_NR_SNR,EPFL,Biofilms,cross-dataset,456,4.539158342565809,29.083982254901247,5.392956726592681,-1.047438135232377,140,45196934,172.61566162109375,11.85845477240426,sota_iqa_baselines
TOPIQ_NR_SNR,EPFL,Biofilms,cross-dataset,789,4.467173819882529,28.278287372942064,5.317733292761312,-0.9907192714871348,140,45196934,172.61566162109375,12.10383347102574,sota_iqa_baselines
TOPIQ_NR_SNR,EPFL,Biofilms,cross-dataset,1024,4.459150067397526,28.190443303045736,5.309467327618255,-0.984535273123931,140,45196934,172.61566162109375,13.203770773751396,sota_iqa_baselines
TOPIQ_NR_SNR,EPFL,EPFL,in-domain,42,0.0699326855475913,0.0076627570006726,0.0875371749639696,0.9773609837940218,2130,45196934,172.61566162109375,12.2013550968797,sota_iqa_baselines
TOPIQ_NR_SNR,EPFL,EPFL,in-domain,123,0.0724145347523577,0.0081745054252076,0.0904129715539072,0.975849063100802,2130,45196934,172.61566162109375,11.666871012656342,sota_iqa_baselines
TOPIQ_NR_SNR,EPFL,EPFL,in-domain,456,0.0373442358813935,0.0022888499989091,0.0478419272073056,0.9932377717036036,2130,45196934,172.61566162109375,11.854038104205063,sota_iqa_baselines
TOPIQ_NR_SNR,EPFL,EPFL,in-domain,789,0.0376381672603983,0.0022942006867696,0.0478978150521468,0.9932219635148308,2130,45196934,172.61566162109375,12.445459791192429,sota_iqa_baselines
TOPIQ_NR_SNR,EPFL,EPFL,in-domain,1024,0.0363042012066908,0.002162488824794,0.0465025679376316,0.9936110959090232,2130,45196934,172.61566162109375,12.572594091925822,sota_iqa_baselines
TOPIQ_NR_SNR,EPFL,NFFA,cross-dataset,42,2.507478484094452,11.083949542260724,3.3292566050487493,0.0738645662765108,1930,45196934,172.61566162109375,11.952718551912456,sota_iqa_baselines
TOPIQ_NR_SNR,EPFL,NFFA,cross-dataset,123,2.4422665673834056,10.429270943993783,3.2294381777630896,0.128567183357513,1930,45196934,172.61566162109375,12.01891281444174,sota_iqa_baselines
TOPIQ_NR_SNR,EPFL,NFFA,cross-dataset,456,2.453312932024348,10.488377913376755,3.238576525786716,0.1236284150496219,1930,45196934,172.61566162109375,12.241556360313927,sota_iqa_baselines
TOPIQ_NR_SNR,EPFL,NFFA,cross-dataset,789,2.3778185719653115,9.989205034498946,3.160570365376944,0.1653375268531218,1930,45196934,172.61566162109375,12.275456270405666,sota_iqa_baselines
TOPIQ_NR_SNR,EPFL,NFFA,cross-dataset,1024,2.434473916656613,10.243816313409878,3.200596243422446,0.1440631132223131,1930,45196934,172.61566162109375,12.506607159431734,sota_iqa_baselines
TOPIQ_NR_SNR,NFFA,Biofilms,cross-dataset,42,3.1412372146333967,15.681165427967784,3.959945129413763,-0.1039140314665203,140,45196934,172.61566162109375,12.678567000797816,sota_iqa_baselines
TOPIQ_NR_SNR,NFFA,Biofilms,cross-dataset,123,1.467309776374272,4.160424180037043,2.039711788473323,0.7071167541537322,140,45196934,172.61566162109375,11.769536563328334,sota_iqa_baselines
TOPIQ_NR_SNR,NFFA,Biofilms,cross-dataset,456,1.7488402894565038,4.669256237783872,2.1608461855911614,0.6712962757086232,140,45196934,172.61566162109375,11.99955769947597,sota_iqa_baselines
TOPIQ_NR_SNR,NFFA,Biofilms,cross-dataset,789,1.4215623446873256,3.3950681275092838,1.842571064439384,0.7609958672422493,140,45196934,172.61566162109375,12.789126804896764,sota_iqa_baselines
TOPIQ_NR_SNR,NFFA,Biofilms,cross-dataset,1024,1.9701830778803144,6.316815806016117,2.51332763602681,0.5553122862913136,140,45196934,172.61566162109375,13.479845864432198,sota_iqa_baselines
TOPIQ_NR_SNR,NFFA,EPFL,cross-dataset,42,1.1657348337307782,1.462724031066087,1.2094312841439512,-3.321503740921456,2130,45196934,172.61566162109375,12.634688028147522,sota_iqa_baselines
TOPIQ_NR_SNR,NFFA,EPFL,cross-dataset,123,0.3369074467761975,0.1586693481386505,0.3983332124473812,0.5312238214538725,2130,45196934,172.61566162109375,12.841594499041776,sota_iqa_baselines
TOPIQ_NR_SNR,NFFA,EPFL,cross-dataset,456,0.5956302145837058,0.4152951397283614,0.6444339684780446,-0.2269570074777329,2130,45196934,172.61566162109375,12.769012943679735,sota_iqa_baselines
TOPIQ_NR_SNR,NFFA,EPFL,cross-dataset,789,0.5739664418036949,0.3606038984696122,0.6005030378521097,-0.0653760129253546,2130,45196934,172.61566162109375,12.827628543119475,sota_iqa_baselines
TOPIQ_NR_SNR,NFFA,EPFL,cross-dataset,1024,0.434249343334789,0.242250738825121,0.4921897386426508,0.2842891400979193,2130,45196934,172.61566162109375,12.896397863755205,sota_iqa_baselines
TOPIQ_NR_SNR,NFFA,NFFA,in-domain,42,0.9267502952733806,1.6180167394644585,1.272012869221243,0.8648042713418793,1930,45196934,172.61566162109375,12.308422518517688,sota_iqa_baselines
TOPIQ_NR_SNR,NFFA,NFFA,in-domain,123,0.7834750515191666,1.280458063302306,1.1315732690826104,0.8930094747093784,1930,45196934,172.61566162109375,12.431222663642211,sota_iqa_baselines
TOPIQ_NR_SNR,NFFA,NFFA,in-domain,456,0.4060631891606385,0.3490086408275407,0.5907695327515974,0.9708380782758298,1930,45196934,172.61566162109375,12.986610343419208,sota_iqa_baselines
TOPIQ_NR_SNR,NFFA,NFFA,in-domain,789,0.3571133151573221,0.3151853497581605,0.5614137064217087,0.9736642322767172,1930,45196934,172.61566162109375,12.65218270257347,sota_iqa_baselines
TOPIQ_NR_SNR,NFFA,NFFA,in-domain,1024,0.349673376923398,0.2510185122608868,0.5010174770014383,0.9790257851825312,1930,45196934,172.61566162109375,12.305443521608344,sota_iqa_baselines
ViTRegression,Biofilms,Biofilms,in-domain,42,2.064286947250366,7.638443470001221,2.763773411479534,0.4622730612754822,140,85451521,325.97168350219727,9.641436168125695,proposed_pipelines
ViTRegression,Biofilms,Biofilms,in-domain,123,3.17663049697876,14.249923706054688,3.774907112241928,-0.0031582117080688,140,85451521,325.97168350219727,9.502560751778738,proposed_pipelines
ViTRegression,Biofilms,Biofilms,in-domain,456,2.933957576751709,13.912203788757324,3.729906672928604,0.0206164121627807,140,85451521,325.97168350219727,9.653747081756592,proposed_pipelines
ViTRegression,Biofilms,Biofilms,in-domain,789,3.1754698753356934,14.199862480163574,3.7682704892514782,0.0003659725189208,140,85451521,325.97168350219727,16.922945635659353,proposed_pipelines
ViTRegression,Biofilms,Biofilms,in-domain,1024,2.6932361125946045,12.97333812713623,3.6018520412610275,0.0867100954055786,140,85451521,325.97168350219727,9.544954981122698,proposed_pipelines
ViTRegression,Biofilms,EPFL,cross-dataset,42,0.7631040215492249,0.8967263102531433,0.9469563402043112,-1.6493079662322998,2130,85451521,325.97168350219727,11.016832718826796,proposed_pipelines
ViTRegression,Biofilms,EPFL,cross-dataset,123,4.515241146087647,20.72542190551757,4.552518193870023,-60.23163986206055,2130,85451521,325.97168350219727,11.02868805468922,proposed_pipelines
ViTRegression,Biofilms,EPFL,cross-dataset,456,2.9369823932647705,8.962492942810059,2.993742297327888,-25.47898292541504,2130,85451521,325.97168350219727,13.479852452524392,proposed_pipelines
ViTRegression,Biofilms,EPFL,cross-dataset,789,4.775554656982422,23.144371032714844,4.810859697882993,-67.37823486328125,2130,85451521,325.97168350219727,17.9067182988628,proposed_pipelines
ViTRegression,Biofilms,EPFL,cross-dataset,1024,1.8553922176361084,3.7789418697357178,1.943950068735233,-10.16458797454834,2130,85451521,325.97168350219727,10.9046845368936,proposed_pipelines
ViTRegression,Biofilms,NFFA,cross-dataset,42,1.8966853618621824,6.182070732116699,2.4863770293575147,0.4834481477737427,1930,85451521,325.97168350219727,9.69538972785436,proposed_pipelines
ViTRegression,Biofilms,NFFA,cross-dataset,123,3.95455002784729,21.788719177246094,4.667838812260562,-0.8205878734588623,1930,85451521,325.97168350219727,10.12129487151309,proposed_pipelines
ViTRegression,Biofilms,NFFA,cross-dataset,456,3.01578688621521,13.956158638000488,3.735794244601874,-0.1661270856857299,1930,85451521,325.97168350219727,10.050462070524384,proposed_pipelines
ViTRegression,Biofilms,NFFA,cross-dataset,789,4.130895614624023,23.496990203857425,4.847369410706948,-0.963325023651123,1930,85451521,325.97168350219727,16.51632625204294,proposed_pipelines
ViTRegression,Biofilms,NFFA,cross-dataset,1024,2.52144742012024,10.231762886047363,3.1987126920133613,0.1450702548027038,1930,85451521,325.97168350219727,9.781054758654976,proposed_pipelines
ViTRegression,EPFL,Biofilms,cross-dataset,42,5.44917631149292,40.324462890625,6.350154556436008,-1.8387391567230225,140,85451521,325.97168350219727,14.092234202793666,proposed_pipelines
ViTRegression,EPFL,Biofilms,cross-dataset,123,5.168350696563721,36.45355224609375,6.037677719628115,-1.566236972808838,140,85451521,325.97168350219727,14.178686482565745,proposed_pipelines
ViTRegression,EPFL,Biofilms,cross-dataset,456,5.063852787017822,34.358848571777344,5.8616421395183576,-1.4187750816345217,140,85451521,325.97168350219727,14.407598972320557,proposed_pipelines
ViTRegression,EPFL,Biofilms,cross-dataset,789,5.099611759185791,35.44184875488281,5.953305699767383,-1.4950156211853027,140,85451521,325.97168350219727,13.891567502702983,proposed_pipelines
ViTRegression,EPFL,Biofilms,cross-dataset,1024,4.929325580596924,32.97871017456055,5.742709306116804,-1.3216171264648438,140,85451521,325.97168350219727,13.662334850856237,proposed_pipelines
ViTRegression,EPFL,EPFL,in-domain,42,0.4887391030788421,0.3278577625751495,0.5725886504072095,0.0313698649406433,2130,85451521,325.97168350219727,16.527557149179664,proposed_pipelines
ViTRegression,EPFL,EPFL,in-domain,123,0.4845810830593109,0.3238576650619507,0.569084936597298,0.0431878566741943,2130,85451521,325.97168350219727,16.519560276622506,proposed_pipelines
ViTRegression,EPFL,EPFL,in-domain,456,0.4796727001667022,0.311497688293457,0.5581197795217949,0.079704463481903,2130,85451521,325.97168350219727,16.56115704299139,proposed_pipelines
ViTRegression,EPFL,EPFL,in-domain,789,0.4738922417163849,0.3020775020122528,0.5496157767133808,0.1075356602668762,2130,85451521,325.97168350219727,16.959922974098458,proposed_pipelines
ViTRegression,EPFL,EPFL,in-domain,1024,0.4856455624103546,0.3304007351398468,0.5748049539973075,0.0238568782806396,2130,85451521,325.97168350219727,16.609788836447844,proposed_pipelines
ViTRegression,EPFL,NFFA,cross-dataset,42,2.9214625358581543,14.782393455505373,3.844787829712502,-0.2351642847061157,1930,85451521,325.97168350219727,14.727202104163291,proposed_pipelines
ViTRegression,EPFL,NFFA,cross-dataset,123,2.801182508468628,13.611093521118164,3.689321552957693,-0.1372945308685302,1930,85451521,325.97168350219727,14.646586852987811,proposed_pipelines
ViTRegression,EPFL,NFFA,cross-dataset,456,2.6702442169189453,12.212661743164062,3.494661892538971,-0.0204466581344604,1930,85451521,325.97168350219727,17.048313580646415,proposed_pipelines
ViTRegression,EPFL,NFFA,cross-dataset,789,2.714959621429444,12.789332389831545,3.576217609406836,-0.0686311721801757,1930,85451521,325.97168350219727,14.632807741511051,proposed_pipelines
ViTRegression,EPFL,NFFA,cross-dataset,1024,2.646522283554077,12.050450325012209,3.4713758547602143,-0.0068928003311157,1930,85451521,325.97168350219727,14.649667764574753,proposed_pipelines
ViTRegression,NFFA,Biofilms,cross-dataset,42,5.243248462677002,37.02878189086914,6.085127927239422,-1.606731653213501,140,85451521,325.97168350219727,9.770899159567698,proposed_pipelines
ViTRegression,NFFA,Biofilms,cross-dataset,123,5.25294303894043,37.53961944580078,6.126958417175751,-1.6426935195922852,140,85451521,325.97168350219727,9.450152942112515,proposed_pipelines
ViTRegression,NFFA,Biofilms,cross-dataset,456,5.230300426483154,36.6141242980957,6.0509606095309945,-1.5775408744812012,140,85451521,325.97168350219727,9.808925219944545,proposed_pipelines
ViTRegression,NFFA,Biofilms,cross-dataset,789,5.342766761779785,38.54440307617188,6.208413893755141,-1.7134275436401367,140,85451521,325.97168350219727,13.614777156284877,proposed_pipelines
ViTRegression,NFFA,Biofilms,cross-dataset,1024,5.197288513183594,36.20768356323242,6.017282074427991,-1.5489284992218018,140,85451521,325.97168350219727,10.09213924407959,proposed_pipelines
ViTRegression,NFFA,EPFL,cross-dataset,42,0.4902528822422027,0.3269566893577575,0.5718012673628466,0.0340320467948913,2130,85451521,325.97168350219727,10.814596565676409,proposed_pipelines
ViTRegression,NFFA,EPFL,cross-dataset,123,0.4952960610389709,0.3422108590602875,0.5849879136018858,-0.0110352039337158,2130,85451521,325.97168350219727,10.854317100954727,proposed_pipelines
ViTRegression,NFFA,EPFL,cross-dataset,456,0.4961532354354858,0.3319583535194397,0.576158271241019,0.019254982471466,2130,85451521,325.97168350219727,11.000760172454404,proposed_pipelines
ViTRegression,NFFA,EPFL,cross-dataset,789,0.4963918626308441,0.3324833810329437,0.5766137190814521,0.017703890800476,2130,85451521,325.97168350219727,11.031735223223906,proposed_pipelines
ViTRegression,NFFA,EPFL,cross-dataset,1024,0.4887183606624603,0.322027325630188,0.5674745154015183,0.0485954284667968,2130,85451521,325.97168350219727,10.852598696247512,proposed_pipelines
ViTRegression,NFFA,NFFA,in-domain,42,2.778017282485962,13.281994819641112,3.644447121257368,-0.1097962856292724,1930,85451521,325.97168350219727,9.579032196282103,proposed_pipelines
ViTRegression,NFFA,NFFA,in-domain,123,2.812981128692627,13.702643394470217,3.701708172515793,-0.1449441909790039,1930,85451521,325.97168350219727,9.682758237413791,proposed_pipelines
ViTRegression,NFFA,NFFA,in-domain,456,2.747891426086426,12.845573425292969,3.584072184721308,-0.0733305215835571,1930,85451521,325.97168350219727,9.666294755095644,proposed_pipelines
ViTRegression,NFFA,NFFA,in-domain,789,2.839332103729248,13.911516189575195,3.729814498011288,-0.1623969078063964,1930,85451521,325.97168350219727,9.74296349935581,proposed_pipelines
ViTRegression,NFFA,NFFA,in-domain,1024,2.744747877120972,12.903926849365234,3.592203620253901,-0.078206181526184,1930,85451521,325.97168350219727,12.893532965467385,proposed_pipelines
proposed,Biofilms,Biofilms,in-domain,42,0.4069006443023681,1.1229816675186155,1.0597082935971651,0.9209449291229248,140,75935,0.2896690368652344,3.737766402108329,proposed_pipelines
proposed,Biofilms,Biofilms,in-domain,123,0.2629146575927734,0.5004810690879822,0.7074468666182515,0.9647673964500428,140,75935,0.2896690368652344,3.79359211240496,proposed_pipelines
proposed,Biofilms,Biofilms,in-domain,456,0.3472717702388763,0.6453548669815063,0.8033398203634041,0.9545686841011048,140,75935,0.2896690368652344,4.15921551840646,proposed_pipelines
proposed,Biofilms,Biofilms,in-domain,789,0.2859197854995727,0.4980758726596832,0.7057449062229803,0.9649367332458496,140,75935,0.2896690368652344,3.918804441179548,proposed_pipelines
proposed,Biofilms,Biofilms,in-domain,1024,0.2646589577198028,0.322475254535675,0.5678690469955859,0.9772985577583312,140,75935,0.2896690368652344,3.693720272609166,proposed_pipelines
proposed,Biofilms,EPFL,cross-dataset,42,1.6824939250946045,3.142218589782715,1.7726304154512058,-8.283439636230469,2130,75935,0.2896690368652344,5.828659523260985,proposed_pipelines
proposed,Biofilms,EPFL,cross-dataset,123,1.04049813747406,1.1711090803146362,1.0821779337588788,-2.4599502086639404,2130,75935,0.2896690368652344,5.927561594286996,proposed_pipelines
proposed,Biofilms,EPFL,cross-dataset,456,1.0773212909698486,1.2580703496932983,1.121637352130045,-2.7168705463409424,2130,75935,0.2896690368652344,5.998317400614421,proposed_pipelines
proposed,Biofilms,EPFL,cross-dataset,789,0.87968909740448,0.7979615330696106,0.893286926507721,-1.3575150966644287,2130,75935,0.2896690368652344,6.008974487233051,proposed_pipelines
proposed,Biofilms,EPFL,cross-dataset,1024,0.8953827023506165,0.923035204410553,0.9607472115028766,-1.7270352840423584,2130,75935,0.2896690368652344,5.759707638915156,proposed_pipelines
proposed,Biofilms,NFFA,cross-dataset,42,0.536385178565979,0.8641650080680847,0.929604759060583,0.9277934432029724,1930,75935,0.2896690368652344,4.748255601201032,proposed_pipelines
proposed,Biofilms,NFFA,cross-dataset,123,0.5124691128730774,0.6723155975341797,0.8199485334666925,0.9438236951828004,1930,75935,0.2896690368652344,4.780255327570624,proposed_pipelines
proposed,Biofilms,NFFA,cross-dataset,456,0.5207420587539673,0.7305831909179688,0.8547415930665646,0.9389550685882568,1930,75935,0.2896690368652344,4.570070820151215,proposed_pipelines
proposed,Biofilms,NFFA,cross-dataset,789,0.4611050486564636,0.5091158747673035,0.7135235628676208,0.9574601054191588,1930,75935,0.2896690368652344,4.52499266115495,proposed_pipelines
proposed,Biofilms,NFFA,cross-dataset,1024,0.4688878059387207,0.5300953388214111,0.7280764649550286,0.9557071328163148,1930,75935,0.2896690368652344,4.548156817342333,proposed_pipelines
proposed,EPFL,Biofilms,cross-dataset,42,2.503131151199341,10.283503532409668,3.2067902227008345,0.2760675549507141,140,75935,0.2896690368652344,3.314568315233503,proposed_pipelines
proposed,EPFL,Biofilms,cross-dataset,123,1.8861620426177976,7.528773784637451,2.743861108845973,0.469993531703949,140,75935,0.2896690368652344,4.480598654065814,proposed_pipelines
proposed,EPFL,Biofilms,cross-dataset,456,2.4437716007232666,9.470987319946287,3.077496924441402,0.3332666754722595,140,75935,0.2896690368652344,3.774574824741909,proposed_pipelines
proposed,EPFL,Biofilms,cross-dataset,789,2.432514190673828,9.987116813659668,3.160239993047944,0.2969325184822082,140,75935,0.2896690368652344,3.992063658578056,proposed_pipelines
proposed,EPFL,Biofilms,cross-dataset,1024,2.41465425491333,7.564984798431396,2.750451744428794,0.467444360256195,140,75935,0.2896690368652344,4.342995371137346,proposed_pipelines
proposed,EPFL,EPFL,in-domain,42,0.0102375596761703,0.000162625365192,0.0127524650633542,0.9995195269584656,2130,75935,0.2896690368652344,5.691762485414604,proposed_pipelines
proposed,EPFL,EPFL,in-domain,123,0.0110210971906781,0.0001910656137624,0.0138226485798661,0.9994354844093324,2130,75935,0.2896690368652344,6.023927137885296,proposed_pipelines
proposed,EPFL,EPFL,in-domain,456,0.0112776039168238,0.0002071713388431,0.0143934477747057,0.9993879199028016,2130,75935,0.2896690368652344,5.848961592839918,proposed_pipelines
proposed,EPFL,EPFL,in-domain,789,0.012065952643752,0.0002286408707732,0.0151208753309202,0.9993245005607604,2130,75935,0.2896690368652344,7.493943675582957,proposed_pipelines
proposed,EPFL,EPFL,in-domain,1024,0.0120121082291007,0.0002319259365322,0.0152291147652188,0.999314785003662,2130,75935,0.2896690368652344,6.049766003246039,proposed_pipelines
proposed,EPFL,NFFA,cross-dataset,42,2.0003957748413086,6.562736511230469,2.5617838533394006,0.4516410827636719,1930,75935,0.2896690368652344,4.627724509165077,proposed_pipelines
proposed,EPFL,NFFA,cross-dataset,123,1.633570432662964,4.851892471313477,2.2027011761275013,0.5945931077003479,1930,75935,0.2896690368652344,4.688090734531225,proposed_pipelines
proposed,EPFL,NFFA,cross-dataset,456,1.7687803506851196,5.422793865203857,2.3286893019902544,0.5468906164169312,1930,75935,0.2896690368652344,4.723645244855337,proposed_pipelines
proposed,EPFL,NFFA,cross-dataset,789,1.6795040369033811,5.119287967681885,2.26258435592618,0.572250485420227,1930,75935,0.2896690368652344,4.657927819484256,proposed_pipelines
proposed,EPFL,NFFA,cross-dataset,1024,2.073070287704468,6.531713485717773,2.5557217152338345,0.4542332291603088,1930,75935,0.2896690368652344,4.789355999447521,proposed_pipelines
proposed,NFFA,Biofilms,cross-dataset,42,0.2452229112386703,0.134638711810112,0.3669314810834742,0.9905217885971068,140,75935,0.2896690368652344,3.5920773233686174,proposed_pipelines
proposed,NFFA,Biofilms,cross-dataset,123,0.2712080180644989,0.1739277690649032,0.4170464830985909,0.9877559542655944,140,75935,0.2896690368652344,3.223865372794015,proposed_pipelines
proposed,NFFA,Biofilms,cross-dataset,456,0.2178390622138977,0.1437209844589233,0.3791055057090616,0.9898824095726012,140,75935,0.2896690368652344,4.15694032396589,proposed_pipelines
proposed,NFFA,Biofilms,cross-dataset,789,0.1662375181913375,0.0713788643479347,0.2671682322955607,0.9949750900268556,140,75935,0.2896690368652344,4.148125648498535,proposed_pipelines
proposed,NFFA,Biofilms,cross-dataset,1024,0.2344133108854293,0.1506663709878921,0.3881576625391957,0.9893934726715088,140,75935,0.2896690368652344,3.9365495954241063,proposed_pipelines
proposed,NFFA,EPFL,cross-dataset,42,0.3850564658641815,0.1539038270711898,0.3923057826124793,0.5453031659126282,2130,75935,0.2896690368652344,5.839845496164242,proposed_pipelines
proposed,NFFA,EPFL,cross-dataset,123,0.3987351059913635,0.1616474539041519,0.4020540435117546,0.5224252343177795,2130,75935,0.2896690368652344,5.756881315383553,proposed_pipelines
proposed,NFFA,EPFL,cross-dataset,456,0.3417654931545257,0.117905281484127,0.3433733849385054,0.6516580581665039,2130,75935,0.2896690368652344,5.95530198773308,proposed_pipelines
proposed,NFFA,EPFL,cross-dataset,789,0.2421768456697464,0.0676767453551292,0.2601475453567249,0.8000543117523193,2130,75935,0.2896690368652344,5.927115986604646,proposed_pipelines
proposed,NFFA,EPFL,cross-dataset,1024,0.2583930194377899,0.0728001222014427,0.2698149777188856,0.7849177122116089,2130,75935,0.2896690368652344,5.9788965843093225,proposed_pipelines
proposed,NFFA,NFFA,in-domain,42,0.0443972945213317,0.0116212675347924,0.1078019829817263,0.999028980731964,1930,75935,0.2896690368652344,4.643442717240882,proposed_pipelines
proposed,NFFA,NFFA,in-domain,123,0.0427828542888164,0.0146696642041206,0.121118389207092,0.998774230480194,1930,75935,0.2896690368652344,4.729998173491325,proposed_pipelines
proposed,NFFA,NFFA,in-domain,456,0.0535274744033813,0.017664672806859,0.1329085129209525,0.998524010181427,1930,75935,0.2896690368652344,4.631758848002538,proposed_pipelines
proposed,NFFA,NFFA,in-domain,789,0.0446573048830032,0.0164979249238967,0.128444248309906,0.9986214637756348,1930,75935,0.2896690368652344,4.583858578933953,proposed_pipelines
proposed,NFFA,NFFA,in-domain,1024,0.0597934536635875,0.0248788725584745,0.1577303793137978,0.9979212284088136,1930,75935,0.2896690368652344,4.489007020861374,proposed_pipelines
